Name,Platform,Year_of_Release,Genre,Publisher,NA_Sales,EU_Sales,JP_Sales,Other_Sales,Global_Sales,Critic_Score,User_Score
Grand Theft Auto V,PS3,2013,Action,Take-Two Interactive,7.02,9.09,0.98,3.96,21.04,97.0,8.2
Grand Theft Auto V,X360,2013,Action,Take-Two Interactive,9.66,5.14,0.06,1.41,16.27,97.0,8.1
Grand Theft Auto V,PS4,2014,Action,Take-Two Interactive,3.96,6.31,0.38,1.97,12.61,97.0,8.3
Call of Duty: Ghosts,X360,2013,Shooter,Activision,6.73,2.56,0.04,0.91,10.25,73.0,2.6
Call of Duty: Ghosts,PS3,2013,Shooter,Activision,4.1,3.63,0.38,1.25,9.36,71.0,2.6
FIFA 16,PS4,2015,Sports,Electronic Arts,1.12,6.12,0.06,1.28,8.57,82.0,4.3
Call of Duty: Advanced Warfare,PS4,2014,Shooter,Activision,2.81,3.48,0.14,1.23,7.66,83.0,5.7
FIFA 17,PS4,2016,Sports,Electronic Arts,0.66,5.75,0.08,1.11,7.59,85.0,5.0
Fallout 4,PS4,2015,Role-Playing,Bethesda Softworks,2.53,3.27,0.24,1.13,7.16,87.0,6.5
Mario Kart 8,WiiU,2014,Racing,Nintendo,3.15,2.15,1.28,0.51,7.09,88.0,9.1
FIFA 14,PS3,2013,Sports,Electronic Arts,0.78,4.24,0.07,1.37,6.47,86.0,4.3
FIFA 15,PS4,2014,Sports,Electronic Arts,0.8,4.33,0.05,0.9,6.08,82.0,5.7
The Last of Us,PS3,2013,Action,Sony Computer Entertainment Europe,2.41,2.18,0.28,0.99,5.87,95.0,9.1
Destiny,PS4,2014,Shooter,Activision,2.49,2.07,0.16,0.92,5.64,76.0,6.1
Grand Theft Auto V,XOne,2014,Action,Take-Two Interactive,2.81,2.19,0.0,0.47,5.48,97.0,7.9
Uncharted 4: A Thief's End,PS4,2016,Shooter,Sony Computer Entertainment,1.85,2.5,0.19,0.85,5.38,93.0,7.9
Call of Duty: Advanced Warfare,XOne,2014,Shooter,Activision,3.22,1.55,0.01,0.48,5.27,81.0,5.4
Uncharted: The Nathan Drake Collection,PS4,2015,Action,Sony Computer Entertainment,2.07,1.71,0.08,0.76,4.62,86.0,8.1
Luigi's Mansion: Dark Moon,3DS,2013,Action,Nintendo,1.8,1.39,1.11,0.29,4.59,86.0,8.4
Halo 5: Guardians,XOne,2015,Shooter,Microsoft Game Studios,2.78,1.27,0.03,0.41,4.48,84.0,6.4
Call of Duty: Infinite Warfare,PS4,2016,Shooter,Activision,1.61,2.0,0.15,0.71,4.46,77.0,3.4
Splatoon,WiiU,2015,Shooter,Nintendo,1.54,1.18,1.46,0.26,4.43,81.0,8.5
Super Mario 3D World,WiiU,2013,Platform,Nintendo,2.11,1.16,0.73,0.32,4.32,93.0,9.0
Fallout 4,XOne,2015,Role-Playing,Bethesda Softworks,2.51,1.32,0.01,0.38,4.22,88.0,6.2
FIFA 14,X360,2013,Sports,Electronic Arts,0.92,2.89,0.01,0.4,4.22,84.0,4.2
Battlefield 1,PS4,2016,Shooter,Electronic Arts,1.1,2.15,0.21,0.61,4.08,88.0,8.4
Watch Dogs,PS4,2014,Action,Ubisoft,1.4,1.9,0.11,0.64,4.05,80.0,6.3
Far Cry 4,PS4,2014,Shooter,Ubisoft,1.13,2.18,0.1,0.63,4.04,85.0,7.7
The Witcher 3: Wild Hunt,PS4,2015,Role-Playing,Namco Bandai Games,1.02,2.13,0.23,0.59,3.97,92.0,9.2
Assassin's Creed: Unity,PS4,2014,Action,Ubisoft,1.19,2.07,0.08,0.62,3.96,70.0,4.9
Batman: Arkham Knight,PS4,2015,Action,Warner Bros. Interactive Entertainment,1.53,1.69,0.1,0.64,3.95,87.0,7.6
Monster Hunter 4 Ultimate,3DS,2014,Role-Playing,Nintendo,0.68,0.48,2.62,0.11,3.89,86.0,8.7
NBA 2K16,PS4,2015,Sports,Take-Two Interactive,2.49,0.66,0.03,0.69,3.88,87.0,6.7
Call of Duty: Ghosts,PS4,2013,Shooter,Activision,1.78,1.43,0.05,0.57,3.83,78.0,3.7
Tom Clancy's The Division,PS4,2016,Shooter,Ubisoft,1.35,1.7,0.15,0.6,3.8,80.0,7.0
Assassin's Creed IV: Black Flag,PS3,2013,Action,Ubisoft,1.33,1.68,0.13,0.57,3.71,88.0,8.1
Battlefield 4,PS4,2013,Shooter,Electronic Arts,1.35,1.55,0.17,0.51,3.59,85.0,6.9
Assassin's Creed: Unity,XOne,2014,Action,Ubisoft,2.27,0.9,0.0,0.33,3.5,72.0,4.1
Battlefield 4,PS3,2013,Shooter,Electronic Arts,1.3,1.42,0.27,0.5,3.49,80.0,5.8
Battlefield 4,X360,2013,Shooter,Electronic Arts,2.15,1.01,0.02,0.31,3.48,79.0,5.6
Metal Gear Solid V: The Phantom Pain,PS4,2015,Action,Konami Digital Entertainment,1.09,1.36,0.49,0.48,3.41,93.0,8.2
Assassin's Creed Syndicate,PS4,2015,Action,Ubisoft,0.81,1.99,0.07,0.52,3.39,76.0,6.8
Destiny,XOne,2014,Shooter,Activision,2.14,0.92,0.0,0.31,3.37,75.0,5.5
Assassin's Creed IV: Black Flag,X360,2013,Action,Ubisoft,1.9,1.11,0.01,0.29,3.3,86.0,7.9
Gears of War: Ultimate Edition,XOne,2015,Shooter,Microsoft Game Studios,2.61,0.33,0.0,0.34,3.28,82.0,7.5
FIFA 16,XOne,2015,Sports,Electronic Arts,0.89,2.12,0.0,0.24,3.25,84.0,4.4
Madden NFL 16,PS4,2015,Sports,Electronic Arts,2.34,0.3,0.0,0.6,3.24,83.0,5.9
Gran Turismo 6,PS3,2013,Racing,Sony Computer Entertainment,0.72,1.67,0.4,0.44,3.23,81.0,7.7
Halo: The Master Chief Collection,XOne,2014,Shooter,Microsoft Game Studios,1.91,1.0,0.03,0.29,3.23,85.0,7.2
Super Mario Maker,WiiU,2015,Platform,Nintendo,1.18,0.89,0.94,0.2,3.21,88.0,8.7
The Legend of Zelda: A Link Between Worlds,3DS,2013,Action,Nintendo,1.4,1.01,0.46,0.23,3.1,91.0,8.9
Animal Crossing: Happy Home Designer,3DS,2015,Simulation,Nintendo,0.51,1.02,1.4,0.12,3.05,66.0,6.9
The Sims 4,PC,2014,Simulation,Electronic Arts,1.0,1.82,0.0,0.23,3.05,70.0,3.9
FIFA 14,PS4,2013,Sports,Electronic Arts,0.61,1.85,0.11,0.44,3.01,87.0,6.3
Middle-Earth: Shadow of Mordor,PS4,2014,Action,Warner Bros. Interactive Entertainment,1.01,1.43,0.05,0.47,2.96,84.0,8.1
Titanfall,XOne,2014,Shooter,Electronic Arts,1.84,0.8,0.04,0.27,2.95,86.0,6.4
Call of Duty: Ghosts,XOne,2013,Shooter,Activision,1.88,0.77,0.0,0.27,2.92,78.0,4.3
Assassin's Creed IV: Black Flag,PS4,2013,Action,Ubisoft,1.07,1.31,0.06,0.42,2.85,83.0,7.8
inFAMOUS: Second Son,PS4,2014,Action,Sony Computer Entertainment,1.28,0.98,0.07,0.46,2.79,80.0,7.9
Mortal Kombat X,PS4,2015,Fighting,Warner Bros. Interactive Entertainment,1.5,0.8,0.0,0.48,2.78,83.0,7.7
Killzone: Shadow Fall,PS4,2013,Shooter,Sony Computer Entertainment,0.89,1.33,0.08,0.39,2.69,73.0,6.8
FIFA 17,XOne,2016,Sports,Electronic Arts,0.43,2.05,0.0,0.17,2.65,84.0,5.5
NBA 2K14,X360,2013,Sports,Take-Two Interactive,2.1,0.19,0.0,0.23,2.52,87.0,4.9
Bloodborne,PS4,2015,Action,Sony Computer Entertainment,1.03,0.81,0.26,0.38,2.48,92.0,8.6
NBA 2K15,PS4,2014,Sports,Take-Two Interactive,1.47,0.54,0.01,0.43,2.45,83.0,7.0
Call of Duty: Infinite Warfare,XOne,2016,Shooter,Activision,1.46,0.74,0.0,0.22,2.42,78.0,3.1
Madden NFL 16,XOne,2015,Sports,Electronic Arts,2.08,0.08,0.0,0.26,2.42,84.0,6.1
The Legend of Zelda: Majora's Mask 3D,3DS,2015,Action,Nintendo,1.15,0.55,0.47,0.17,2.34,89.0,9.0
NBA 2K16,XOne,2015,Sports,Take-Two Interactive,1.95,0.15,0.0,0.24,2.34,86.0,6.2
Batman: Arkham Origins,PS3,2013,Action,Warner Bros. Interactive Entertainment,1.07,0.8,0.04,0.38,2.29,76.0,7.7
Far Cry: Primal,PS4,2016,Action,Ubisoft,0.6,1.25,0.06,0.35,2.26,76.0,6.3
Battlefield 1,XOne,2016,Shooter,Electronic Arts,1.28,0.77,0.0,0.2,2.25,87.0,8.2
God of War: Ascension,PS3,2013,Action,Sony Computer Entertainment,1.23,0.63,0.04,0.35,2.25,80.0,7.5
New Super Luigi U,WiiU,2013,Platform,Nintendo,1.25,0.62,0.18,0.18,2.24,77.0,7.9
Madden NFL 25,X360,2013,Sports,Electronic Arts,1.98,0.06,0.0,0.19,2.23,80.0,5.6
LEGO Marvel Super Heroes,X360,2013,Action,Warner Bros. Interactive Entertainment,1.24,0.79,0.0,0.19,2.22,80.0,7.6
Tom Clancy's Rainbow Six: Siege,PS4,2015,Shooter,Ubisoft,0.55,1.19,0.14,0.33,2.21,73.0,7.3
Forza Motorsport 5,XOne,2013,Racing,Microsoft Game Studios,1.21,0.79,0.01,0.19,2.2,79.0,5.9
Madden NFL 15,PS4,2014,Sports,Electronic Arts,1.54,0.25,0.0,0.4,2.19,81.0,6.1
FIFA 15,XOne,2014,Sports,Electronic Arts,0.6,1.42,0.0,0.16,2.18,82.0,5.4
Tom Clancy's The Division,XOne,2016,Shooter,Ubisoft,1.29,0.68,0.0,0.2,2.16,80.0,6.9
Overwatch,PS4,2016,Shooter,Activision,0.81,0.85,0.15,0.33,2.14,90.0,6.1
NBA 2K14,PS3,2013,Sports,Take-Two Interactive,1.44,0.31,0.04,0.32,2.11,84.0,4.9
Battlefield: Hardline,PS4,2015,Shooter,Electronic Arts,0.71,0.94,0.14,0.32,2.1,73.0,5.0
Dying Light,PS4,2015,Action,Warner Bros. Interactive Entertainment,0.96,0.67,0.12,0.34,2.09,74.0,7.9
DriveClub,PS4,2014,Racing,Sony Computer Entertainment,0.36,1.38,0.02,0.31,2.07,71.0,6.1
Battlefield 4,XOne,2013,Shooter,Electronic Arts,1.25,0.58,0.0,0.19,2.02,81.0,6.6
Dragon Age: Inquisition,PS4,2014,Role-Playing,Electronic Arts,0.73,0.88,0.08,0.32,2.01,89.0,7.4
Need for Speed Rivals,PS4,2013,Racing,Electronic Arts,0.73,0.92,0.03,0.3,1.98,80.0,6.2
BioShock Infinite,X360,2013,Shooter,Take-Two Interactive,1.22,0.54,0.02,0.16,1.93,93.0,8.5
Destiny: The Taken King,PS4,2015,Shooter,Activision,0.78,0.79,0.04,0.31,1.93,86.0,6.0
Mario Party: Island Tour,3DS,2013,Misc,Nintendo,0.62,0.64,0.55,0.11,1.92,57.0,6.3
Diablo III,PS3,2013,Role-Playing,Activision,0.72,0.75,0.15,0.29,1.91,86.0,6.4
LittleBigPlanet 3,PS4,2014,Platform,Sony Computer Entertainment,0.66,0.93,0.01,0.31,1.91,79.0,7.1
Batman: Arkham Origins,X360,2013,Action,Warner Bros. Interactive Entertainment,1.15,0.56,0.0,0.17,1.88,74.0,7.5
NBA 2K17,PS4,2016,Sports,Take-Two Interactive,1.25,0.27,0.02,0.34,1.88,88.0,6.7
Madden NFL 25,PS3,2013,Sports,Electronic Arts,1.6,0.03,0.0,0.24,1.87,76.0,4.1
Just Cause 3,PS4,2015,Action,Square Enix,0.47,1.03,0.07,0.28,1.86,73.0,6.5
LEGO Marvel Super Heroes,PS3,2013,Action,Warner Bros. Interactive Entertainment,0.77,0.76,0.01,0.29,1.84,82.0,7.9
Kirby: Triple Deluxe,3DS,2014,Platform,Nintendo,0.61,0.34,0.79,0.09,1.83,80.0,8.8
Mafia III,PS4,2016,Action,Take-Two Interactive,0.42,1.08,0.03,0.28,1.81,68.0,5.1
Forza Motorsport 6,XOne,2015,Racing,Microsoft Game Studios,0.73,0.9,0.03,0.14,1.8,87.0,7.9
The Evil Within,PS4,2014,Action,Bethesda Softworks,0.55,0.86,0.11,0.27,1.79,75.0,7.3
Madden NFL 17,PS4,2016,Sports,Electronic Arts,1.25,0.17,0.0,0.32,1.75,82.0,4.9
Wii Party U,WiiU,2013,Misc,Nintendo,0.3,0.56,0.84,0.05,1.75,65.0,6.8
The Order: 1886,PS4,2015,Shooter,Sony Computer Entertainment,0.61,0.78,0.06,0.27,1.74,63.0,6.6
Knack,PS4,2013,Platform,Sony Computer Entertainment Europe,0.43,0.68,0.42,0.2,1.73,54.0,6.5
The Crew,PS4,2014,Racing,Ubisoft,0.35,1.08,0.03,0.26,1.72,61.0,5.4
NBA 2K15,XOne,2014,Sports,Take-Two Interactive,1.37,0.18,0.0,0.18,1.72,82.0,6.3
No Man's Sky,PS4,2016,Action,Hello Games,0.63,0.76,0.03,0.27,1.7,71.0,4.5
BioShock Infinite,PS3,2013,Shooter,Take-Two Interactive,0.72,0.65,0.04,0.28,1.69,94.0,8.5
StarCraft II: Heart of the Swarm,PC,2013,Strategy,Activision,0.83,0.66,0.0,0.18,1.67,86.0,7.9
Until Dawn,PS4,2015,Adventure,Sony Computer Entertainment Europe,0.45,0.9,0.05,0.26,1.66,79.0,8.2
Saints Row IV,X360,2013,Action,Deep Silver,1.01,0.5,0.01,0.13,1.66,81.0,6.5
Dark Souls III,PS4,2016,Role-Playing,Namco Bandai Games,0.65,0.45,0.34,0.22,1.65,89.0,8.8
Far Cry 4,XOne,2014,Shooter,Ubisoft,0.8,0.69,0.01,0.14,1.63,82.0,7.5
Beyond: Two Souls,PS3,2013,Adventure,Sony Computer Entertainment,0.52,0.8,0.06,0.26,1.63,70.0,8.1
LEGO Marvel Super Heroes,PS4,2013,Action,Warner Bros. Interactive Entertainment,0.59,0.76,0.01,0.26,1.62,83.0,7.7
Mario Party 10,WiiU,2015,Misc,Nintendo,0.69,0.53,0.24,0.12,1.58,66.0,6.5
Dead Rising 3,XOne,2013,Action,Microsoft Game Studios,1.06,0.35,0.01,0.15,1.57,78.0,6.8
Gears of War: Judgment,X360,2013,Shooter,Microsoft Game Studios,0.92,0.5,0.03,0.12,1.57,79.0,5.4
Watch Dogs,XOne,2014,Action,Ubisoft,0.9,0.53,0.0,0.14,1.57,78.0,5.8
Madden NFL 15,XOne,2014,Sports,Electronic Arts,1.31,0.09,0.0,0.16,1.57,80.0,6.4
Wolfenstein: The New Order,PS4,2014,Shooter,Bethesda Softworks,0.47,0.8,0.03,0.24,1.55,79.0,8.1
Donkey Kong Country: Tropical Freeze,WiiU,2014,Platform,Nintendo,0.7,0.55,0.16,0.12,1.52,83.0,8.9
Batman: Arkham Knight,XOne,2015,Action,Warner Bros. Interactive Entertainment,0.88,0.47,0.0,0.14,1.49,85.0,6.6
NBA 2K14,PS4,2013,Sports,Take-Two Interactive,0.89,0.31,0.01,0.23,1.45,85.0,6.5
Disney Infinity,X360,2013,Action,Disney Interactive Studios,0.97,0.34,0.0,0.13,1.44,74.0,6.5
SimCity (2013),PC,2013,Simulation,Electronic Arts,0.48,0.77,0.0,0.17,1.42,64.0,2.2
Metal Gear Rising: Revengeance,PS3,2013,Action,Konami Digital Entertainment,0.45,0.37,0.44,0.16,1.42,80.0,7.9
Diablo III,X360,2013,Role-Playing,Activision,0.9,0.39,0.0,0.12,1.41,87.0,6.6
Forza Horizon 2,XOne,2014,Racing,Microsoft Game Studios,0.5,0.78,0.01,0.11,1.4,86.0,8.2
Injustice: Gods Among Us,X360,2013,Fighting,Warner Bros. Interactive Entertainment,0.97,0.3,0.0,0.11,1.38,81.0,7.9
Yoshi's New Island,3DS,2014,Platform,Nintendo,0.48,0.53,0.28,0.09,1.38,64.0,6.1
Ryse: Son of Rome,XOne,2013,Action,Microsoft Game Studios,0.83,0.43,0.0,0.13,1.38,60.0,6.1
Mortal Kombat X,XOne,2015,Fighting,Warner Bros. Interactive Entertainment,1.03,0.21,0.0,0.14,1.38,86.0,7.3
Rise of the Tomb Raider,XOne,2015,Adventure,Square Enix,0.55,0.7,0.02,0.11,1.38,86.0,8.0
Titanfall,X360,2014,Shooter,Electronic Arts,0.87,0.34,0.02,0.13,1.36,83.0,5.9
Middle-Earth: Shadow of Mordor,XOne,2014,Action,Warner Bros. Interactive Entertainment,0.73,0.5,0.01,0.12,1.35,87.0,8.0
Battlefield 4,PC,2013,Shooter,Electronic Arts,0.39,0.87,0.0,0.1,1.35,81.0,6.0
Gears of War 4,XOne,2016,Shooter,Microsoft Game Studios,0.78,0.44,0.0,0.12,1.35,84.0,6.2
Tom Clancy's Rainbow Six: Siege,XOne,2015,Shooter,Ubisoft,0.77,0.45,0.0,0.12,1.34,74.0,6.9
Skylanders SWAP Force,X360,2013,Platform,Activision,0.86,0.34,0.0,0.12,1.32,83.0,5.7
The Witcher 3: Wild Hunt,XOne,2015,Role-Playing,Namco Bandai Games,0.69,0.5,0.0,0.11,1.31,91.0,9.2
Yoshi's Woolly World,WiiU,2015,Platform,Nintendo,0.62,0.47,0.11,0.1,1.3,78.0,8.5
Assassin's Creed Syndicate,XOne,2015,Action,Ubisoft,0.62,0.56,0.0,0.11,1.3,78.0,6.1
Dying Light,XOne,2015,Action,Warner Bros. Interactive Entertainment,0.86,0.3,0.01,0.12,1.29,74.0,7.8
Fallout 4,PC,2015,Role-Playing,Bethesda Softworks,0.51,0.67,0.0,0.1,1.29,84.0,5.4
Assassin's Creed: Rogue,PS3,2014,Action,Ubisoft,0.46,0.56,0.06,0.2,1.29,72.0,7.5
The Elder Scrolls Online,XOne,2015,Role-Playing,Bethesda Softworks,0.78,0.38,0.0,0.12,1.28,77.0,8.4
The LEGO Movie Videogame,X360,2014,Action,Warner Bros. Interactive Entertainment,0.69,0.47,0.0,0.11,1.27,69.0,7.2
Dark Souls II,PS3,2014,Role-Playing,Namco Bandai Games,0.4,0.33,0.4,0.15,1.27,91.0,8.1
Metal Gear Solid V: Ground Zeroes,PS4,2014,Action,Konami Digital Entertainment,0.45,0.47,0.17,0.18,1.27,75.0,6.2
Final Fantasy X / X-2 HD Remaster,PS3,2013,Role-Playing,Square Enix,0.43,0.36,0.32,0.16,1.27,85.0,8.5
Need for Speed Rivals,PS3,2013,Racing,Electronic Arts,0.33,0.69,0.05,0.19,1.27,80.0,4.9
Saints Row IV,PS3,2013,Action,Deep Silver,0.56,0.41,0.09,0.19,1.25,76.0,6.3
Pokemon Super Mystery Dungeon,3DS,2015,Role-Playing,Nintendo,0.48,0.35,0.34,0.08,1.25,69.0,8.8
Madden NFL 17,XOne,2016,Sports,Electronic Arts,1.08,0.02,0.0,0.13,1.23,83.0,5.9
Hyrule Warriors,WiiU,2014,Action,Nintendo,0.58,0.42,0.13,0.1,1.23,76.0,8.3
WWE 2K16,PS4,2015,Sports,Take-Two Interactive,0.41,0.6,0.0,0.2,1.21,73.0,7.4
Battlefield: Hardline,XOne,2015,Shooter,Electronic Arts,0.72,0.37,0.01,0.11,1.21,71.0,5.1
Captain Toad: Treasure Tracker,WiiU,2014,Puzzle,Nintendo,0.53,0.38,0.19,0.09,1.19,81.0,8.6
Destiny: The Taken King,XOne,2015,Shooter,Activision,0.85,0.23,0.0,0.12,1.19,89.0,5.2
Injustice: Gods Among Us,PS3,2013,Fighting,Warner Bros. Interactive Entertainment,0.48,0.5,0.01,0.2,1.18,78.0,7.9
Grand Theft Auto V,PC,2015,Action,Take-Two Interactive,0.39,0.69,0.0,0.09,1.17,96.0,7.9
FIFA 14,XOne,2013,Sports,Electronic Arts,0.41,0.66,0.0,0.09,1.16,88.0,5.8
WWE 2K15,PS4,2014,Sports,Take-Two Interactive,0.39,0.57,0.0,0.19,1.15,62.0,5.1
WWE 2K14,PS3,2013,Sports,Take-Two Interactive,0.49,0.46,0.0,0.19,1.14,74.0,7.5
Sunset Overdrive,XOne,2014,Shooter,Microsoft Game Studios,0.63,0.4,0.0,0.1,1.14,81.0,7.7
Naruto Shippuden: Ultimate Ninja Storm 4,PS4,2016,Fighting,Namco Bandai Games,0.41,0.45,0.11,0.17,1.14,79.0,8.2
Watch Dogs 2,PS4,2016,Action,Ubisoft,0.37,0.58,0.0,0.18,1.13,83.0,7.8
Alien: Isolation,PS4,2014,Shooter,Sega,0.34,0.57,0.04,0.17,1.13,79.0,8.1
The Legend of Zelda: Tri Force Heroes,3DS,2015,Action,Nintendo,0.53,0.33,0.17,0.08,1.12,73.0,7.6
Pikmin 3,WiiU,2013,Strategy,Nintendo,0.44,0.32,0.29,0.07,1.11,87.0,8.7
WWE 2K14,X360,2013,Sports,Take-Two Interactive,0.64,0.37,0.0,0.1,1.11,75.0,7.7
Dragon Ball: XenoVerse,PS4,2015,Fighting,Namco Bandai Games,0.3,0.52,0.12,0.16,1.11,69.0,7.7
LEGO City Undercover,WiiU,2013,Platform,Nintendo,0.47,0.42,0.13,0.08,1.1,80.0,8.2
NCAA Football 14,X360,2013,Sports,Electronic Arts,1.01,0.0,0.0,0.08,1.09,77.0,5.8
Project CARS,PS4,2015,Racing,Slightly Mad Studios,0.2,0.7,0.02,0.16,1.09,83.0,6.6
Forza Horizon 3,XOne,2016,Racing,Microsoft Game Studios,0.42,0.58,0.0,0.08,1.08,91.0,7.4
Plants vs. Zombies: Garden Warfare,X360,2014,Shooter,Electronic Arts,0.51,0.47,0.0,0.09,1.08,69.0,7.3
Lightning Returns: Final Fantasy XIII,PS3,2013,Role-Playing,Square Enix,0.31,0.2,0.45,0.11,1.07,66.0,5.9
Overwatch,XOne,2016,Shooter,Activision,0.63,0.33,0.0,0.1,1.06,91.0,5.6
EA Sports UFC,PS4,2014,Sports,Electronic Arts,0.46,0.41,0.01,0.17,1.05,70.0,6.1
The Legend of Zelda: Twilight Princess HD,WiiU,2016,Action,Nintendo,0.56,0.3,0.08,0.09,1.03,86.0,8.4
NBA 2K17,XOne,2016,Sports,Take-Two Interactive,0.86,0.06,0.0,0.11,1.02,90.0,6.2
Skylanders SWAP Force,PS3,2013,Platform,Activision,0.43,0.42,0.0,0.17,1.02,83.0,5.3
Assassin's Creed: Rogue,X360,2014,Action,Ubisoft,0.58,0.34,0.0,0.09,1.01,72.0,7.3
Rayman Legends,PS4,2014,Platform,Ubisoft,0.22,0.64,0.0,0.16,1.01,90.0,8.5
Pokken Tournament,WiiU,2016,Fighting,Namco Bandai Games,0.5,0.26,0.17,0.08,1.01,76.0,8.0
Just Dance 2014,X360,2013,Misc,Ubisoft,0.72,0.17,0.0,0.1,0.99,79.0,7.8
Dead Space 3,X360,2013,Action,Electronic Arts,0.64,0.26,0.0,0.08,0.98,78.0,6.4
Tom Clancy's Splinter Cell: Blacklist,X360,2013,Action,Ubisoft,0.57,0.32,0.01,0.08,0.98,82.0,7.5
Disney Infinity,PS3,2013,Action,Disney Interactive Studios,0.49,0.32,0.0,0.16,0.97,75.0,5.9
Evolve,PS4,2015,Shooter,Take-Two Interactive,0.36,0.41,0.05,0.15,0.96,76.0,4.3
Dead Space 3,PS3,2013,Action,Electronic Arts,0.44,0.36,0.0,0.16,0.96,76.0,6.4
Pro Evolution Soccer 2014,PS3,2013,Action,Konami Digital Entertainment,0.03,0.41,0.51,0.0,0.95,78.0,4.1
Tom Clancy's Splinter Cell: Blacklist,PS3,2013,Action,Ubisoft,0.34,0.39,0.06,0.15,0.94,84.0,7.7
Naruto Shippuden: Ultimate Ninja Storm 3,PS3,2013,Fighting,Namco Bandai Games,0.32,0.32,0.15,0.15,0.93,77.0,7.9
EA Sports UFC 2,PS4,2016,Sports,Electronic Arts,0.29,0.49,0.0,0.15,0.93,79.0,6.2
Dragon Age: Inquisition,XOne,2014,Role-Playing,Electronic Arts,0.56,0.28,0.0,0.09,0.93,85.0,6.9
Kirby: Planet Robobot,3DS,2016,Action,Nintendo,0.28,0.14,0.47,0.04,0.93,81.0,8.7
Lego Batman 3: Beyond Gotham,PS4,2014,Action,Warner Bros. Interactive Entertainment,0.37,0.4,0.0,0.15,0.93,73.0,7.1
The LEGO Movie Videogame,PS3,2014,Action,Warner Bros. Interactive Entertainment,0.33,0.43,0.02,0.15,0.93,80.0,6.8
Disney Magical World,3DS,2013,Adventure,Nintendo,0.17,0.2,0.53,0.03,0.92,71.0,7.5
MLB 15: The Show,PS4,2015,Sports,Sony Computer Entertainment,0.68,0.08,0.0,0.17,0.92,80.0,7.8
South Park: The Stick of Truth,PS3,2014,Role-Playing,Ubisoft,0.43,0.34,0.0,0.16,0.92,85.0,8.5
South Park: The Stick of Truth,X360,2014,Role-Playing,Ubisoft,0.58,0.26,0.0,0.09,0.92,82.0,8.4
NBA 2K14,XOne,2013,Sports,Take-Two Interactive,0.7,0.11,0.0,0.09,0.91,86.0,5.7
Street Fighter V,PS4,2016,Fighting,Capcom,0.4,0.28,0.08,0.14,0.9,77.0,3.4
Just Cause 3,XOne,2015,Action,Square Enix,0.44,0.39,0.0,0.08,0.9,71.0,7.0
Crysis 3,X360,2013,Shooter,Electronic Arts,0.51,0.31,0.01,0.08,0.9,76.0,6.7
LEGO Jurassic World,PS4,2015,Action,Warner Bros. Interactive Entertainment,0.32,0.42,0.02,0.14,0.9,70.0,7.0
The Elder Scrolls Online,PC,2014,Role-Playing,Bethesda Softworks,0.32,0.51,0.0,0.07,0.9,71.0,5.7
Madden NFL 25,PS4,2013,Sports,Electronic Arts,0.63,0.13,0.0,0.15,0.9,74.0,5.2
LEGO Marvel Super Heroes,3DS,2013,Action,Warner Bros. Interactive Entertainment,0.42,0.36,0.04,0.07,0.9,61.0,5.2
Far Cry: Primal,XOne,2016,Action,Ubisoft,0.47,0.33,0.0,0.08,0.88,77.0,6.4
Borderlands: The Handsome Collection,PS4,2015,Shooter,Take-Two Interactive,0.38,0.33,0.03,0.14,0.88,82.0,7.8
Crysis 3,PS3,2013,Shooter,Electronic Arts,0.26,0.42,0.03,0.16,0.87,77.0,6.3
Guitar Hero Live,PS4,2015,Misc,Activision,0.34,0.38,0.0,0.14,0.86,80.0,6.2
Wii Fit U,WiiU,2013,Sports,Nintendo,0.35,0.23,0.21,0.05,0.85,72.0,7.7
Xenoblade Chronicles X,WiiU,2015,Role-Playing,Nintendo,0.36,0.28,0.14,0.06,0.84,84.0,8.9
NCAA Football 14,PS3,2013,Sports,Electronic Arts,0.75,0.0,0.0,0.09,0.84,77.0,6.2
Madden NFL 25,XOne,2013,Sports,Electronic Arts,0.67,0.05,0.0,0.08,0.81,73.0,5.9
Killzone: Mercenary,PSV,2013,Shooter,Sony Computer Entertainment Europe,0.2,0.39,0.04,0.17,0.8,78.0,8.9
Final Fantasy X / X-2 HD Remaster,PSV,2013,Role-Playing,Square Enix,0.16,0.24,0.28,0.12,0.8,86.0,8.5
DmC: Devil May Cry,PS3,2013,Action,Capcom,0.24,0.26,0.19,0.1,0.79,85.0,5.3
Need for Speed Rivals,X360,2013,Racing,Electronic Arts,0.37,0.35,0.01,0.07,0.79,76.0,5.4
Pro Evolution Soccer 2016,PS4,2015,Sports,Konami Digital Entertainment,0.13,0.42,0.13,0.1,0.79,87.0,7.1
Rare Replay,XOne,2015,Misc,Microsoft Game Studios,0.49,0.22,0.01,0.07,0.79,84.0,7.7
WWE 2K15,PS3,2014,Sports,Take-Two Interactive,0.36,0.29,0.0,0.13,0.78,55.0,3.1
Dead Island: Riptide,X360,2013,Action,Deep Silver,0.44,0.26,0.01,0.07,0.78,57.0,6.3
Aliens: Colonial Marines,X360,2013,Shooter,Sega,0.36,0.34,0.0,0.07,0.77,48.0,3.8
Bayonetta 2,WiiU,2014,Action,Nintendo,0.32,0.28,0.1,0.06,0.76,91.0,8.2
Professor Layton and the Azran Legacy,3DS,2013,Puzzle,Nintendo,0.0,0.48,0.25,0.03,0.75,81.0,7.9
Titanfall 2,PS4,2016,Shooter,Electronic Arts,0.34,0.25,0.05,0.12,0.75,89.0,8.4
Metal Gear Solid V: The Phantom Pain,XOne,2015,Action,Konami Digital Entertainment,0.41,0.26,0.01,0.07,0.75,95.0,7.3
Pro Evolution Soccer 2015,PS4,2014,Sports,Konami Digital Entertainment,0.09,0.45,0.11,0.1,0.75,82.0,7.2
Dark Souls II,X360,2014,Role-Playing,Namco Bandai Games,0.48,0.18,0.01,0.07,0.74,91.0,7.9
Resident Evil: Revelations,PS3,2013,Action,Capcom,0.14,0.29,0.22,0.09,0.74,74.0,7.2
MLB 13: The Show,PS3,2013,Sports,Sony Computer Entertainment,0.67,0.0,0.0,0.07,0.74,87.0,7.8
LEGO Marvel Super Heroes,WiiU,2013,Action,Warner Bros. Interactive Entertainment,0.31,0.35,0.02,0.06,0.74,82.0,8.0
Dragon Age: Inquisition,PC,2014,Role-Playing,Electronic Arts,0.33,0.34,0.0,0.06,0.73,85.0,5.9
LEGO Marvel's Avengers,PS4,2016,Action,Warner Bros. Interactive Entertainment,0.26,0.35,0.0,0.12,0.73,71.0,7.0
Just Dance 2015,WiiU,2014,Misc,Ubisoft,0.38,0.29,0.0,0.06,0.73,75.0,6.6
LEGO Dimensions,PS4,2015,Action,Warner Bros. Interactive Entertainment,0.24,0.37,0.0,0.12,0.73,80.0,7.1
Total War: Rome II,PC,2013,Strategy,Sega,0.12,0.53,0.0,0.07,0.72,76.0,4.2
Persona Q: Shadow of the Labyrinth,3DS,2014,Role-Playing,Nippon Ichi Software,0.34,0.07,0.27,0.04,0.72,83.0,8.1
MLB 14: The Show,PS4,2014,Sports,Sony Computer Entertainment America,0.58,0.0,0.0,0.14,0.72,83.0,7.7
Borderlands: The Pre-Sequel,X360,2014,Shooter,Take-Two Interactive,0.46,0.19,0.01,0.07,0.72,74.0,6.4
The Witcher 3: Wild Hunt,PC,2015,Role-Playing,Namco Bandai Games,0.21,0.46,0.0,0.05,0.72,93.0,9.3
Dragon Ball: Xenoverse 2,PS4,2016,Action,Namco Bandai Games,0.24,0.27,0.09,0.1,0.71,73.0,7.8
Skylanders: Trap Team,WiiU,2014,Action,Activision,0.38,0.26,0.0,0.06,0.7,86.0,7.1
Lego Star Wars: The Force Awakens,PS4,2016,Action,Warner Bros. Interactive Entertainment,0.16,0.43,0.01,0.11,0.7,78.0,7.5
Plants vs. Zombies: Garden Warfare,XOne,2014,Shooter,Electronic Arts,0.39,0.23,0.0,0.06,0.69,76.0,7.4
Need for Speed Rivals,XOne,2013,Racing,Electronic Arts,0.46,0.17,0.0,0.07,0.69,75.0,5.8
Sniper Elite 3,PS4,2014,Shooter,505 Games,0.24,0.34,0.0,0.11,0.68,67.0,7.1
Wolfenstein: The New Order,XOne,2014,Shooter,Bethesda Softworks,0.34,0.28,0.0,0.06,0.68,79.0,7.8
The Evil Within,XOne,2014,Action,Bethesda Softworks,0.35,0.25,0.0,0.06,0.67,79.0,7.3
The LEGO Movie Videogame,PS4,2014,Action,Warner Bros. Interactive Entertainment,0.24,0.31,0.01,0.11,0.67,71.0,7.1
Terraria,X360,2013,Action,505 Games,0.35,0.27,0.0,0.06,0.67,81.0,7.2
F1 2015,PS4,2015,Racing,Codemasters,0.09,0.45,0.03,0.1,0.66,65.0,6.3
Rayman Legends,WiiU,2013,Platform,Ubisoft,0.25,0.33,0.03,0.05,0.66,92.0,8.7
BioShock Infinite,PC,2013,Shooter,Take-Two Interactive,0.29,0.3,0.0,0.07,0.66,94.0,8.5
One Piece: Pirate Warriors 2,PS3,2013,Action,Namco Bandai Games,0.0,0.19,0.42,0.05,0.66,71.0,7.8
LEGO Jurassic World,XOne,2015,Action,Warner Bros. Interactive Entertainment,0.38,0.22,0.0,0.06,0.65,70.0,6.7
Freedom Wars,PSV,2014,Role-Playing,Sony Computer Entertainment,0.15,0.1,0.32,0.08,0.65,73.0,8.3
Farming Simulator 17,PC,2016,Simulation,Focus Home Interactive,0.03,0.58,0.0,0.04,0.65,64.0,8.0
Borderlands 2,PSV,2014,Shooter,Take-Two Interactive,0.32,0.16,0.01,0.15,0.64,64.0,7.6
Assassin's Creed IV: Black Flag,PC,2013,Action,Ubisoft,0.22,0.38,0.0,0.05,0.64,84.0,7.7
The LEGO Movie Videogame,WiiU,2014,Action,Warner Bros. Interactive Entertainment,0.33,0.23,0.03,0.05,0.64,68.0,7.7
WWE 2K15,X360,2014,Sports,Take-Two Interactive,0.38,0.2,0.0,0.06,0.64,50.0,4.0
Football Manager 2014,PC,2013,Sports,Sega,0.0,0.6,0.0,0.03,0.64,85.0,5.5
Dishonored 2,PS4,2016,Action,Bethesda Softworks,0.22,0.32,0.0,0.1,0.64,88.0,7.7
The Crew,XOne,2014,Racing,Ubisoft,0.25,0.34,0.0,0.05,0.64,64.0,5.9
Evolve,XOne,2015,Shooter,Take-Two Interactive,0.37,0.2,0.0,0.06,0.64,74.0,5.1
Far Cry 4,PC,2014,Shooter,Ubisoft,0.15,0.44,0.0,0.04,0.63,80.0,6.7
The Walking Dead: Survival Instinct,X360,2013,Shooter,Activision,0.46,0.11,0.0,0.05,0.63,32.0,4.0
Crysis 3,PC,2013,Shooter,Electronic Arts,0.17,0.39,0.0,0.07,0.63,76.0,6.5
NHL 16,PS4,2015,Sports,Electronic Arts,0.36,0.16,0.0,0.11,0.63,78.0,5.5
Mafia III,XOne,2016,Action,Take-Two Interactive,0.28,0.29,0.0,0.05,0.62,67.0,4.6
2014 FIFA World Cup Brazil,PS3,2014,Sports,Electronic Arts,0.15,0.36,0.01,0.09,0.61,73.0,4.3
Plants vs. Zombies: Garden Warfare,PS4,2014,Shooter,Electronic Arts,0.21,0.29,0.01,0.1,0.61,75.0,7.6
Tearaway,PSV,2013,Adventure,Sony Computer Entertainment Europe,0.14,0.34,0.0,0.14,0.61,87.0,8.9
Borderlands: The Pre-Sequel,PS3,2014,Shooter,Take-Two Interactive,0.26,0.21,0.05,0.1,0.61,77.0,6.3
Aliens: Colonial Marines,PS3,2013,Shooter,Sega,0.2,0.29,0.0,0.11,0.6,43.0,3.6
Dead Island: Riptide,PS3,2013,Action,Deep Silver,0.26,0.19,0.07,0.09,0.6,62.0,5.9
Kinect Sports Rivals,XOne,2014,Sports,Microsoft Game Studios,0.3,0.23,0.02,0.05,0.6,60.0,5.1
Dynasty Warriors 8,PS3,2013,Action,Tecmo Koei,0.12,0.1,0.34,0.05,0.6,68.0,8.5
Disney Infinity,WiiU,2013,Action,Disney Interactive Studios,0.33,0.22,0.0,0.05,0.6,71.0,7.6
LEGO The Hobbit,PS4,2014,Action,Warner Bros. Interactive Entertainment,0.13,0.38,0.0,0.09,0.6,72.0,6.6
WWE 2K17,PS4,2016,Sports,Take-Two Interactive,0.17,0.34,0.0,0.09,0.6,69.0,6.9
Just Dance 2014,WiiU,2013,Misc,Ubisoft,0.31,0.23,0.0,0.05,0.6,72.0,7.6
NHL 15,PS4,2014,Sports,Electronic Arts,0.31,0.19,0.0,0.1,0.6,60.0,3.6
WWE 2K16,XOne,2015,Sports,Take-Two Interactive,0.32,0.22,0.0,0.05,0.59,72.0,5.7
Metal Gear Solid V: Ground Zeroes,PS3,2014,Action,Konami Digital Entertainment,0.14,0.12,0.27,0.05,0.59,66.0,5.9
Skylanders SWAP Force,WiiU,2013,Platform,Activision,0.38,0.15,0.0,0.05,0.58,89.0,6.0
Shin Megami Tensei IV,3DS,2013,Role-Playing,Atlus,0.28,0.0,0.27,0.03,0.58,83.0,8.3
JoJo's Bizarre Adventure: All Star Battle,PS3,2013,Fighting,Namco Bandai Games,0.05,0.02,0.5,0.01,0.58,71.0,8.3
Rayman Legends,PS3,2013,Platform,Ubisoft,0.14,0.34,0.0,0.1,0.58,91.0,8.7
Payday 2,X360,2013,Shooter,505 Games,0.33,0.19,0.0,0.05,0.57,75.0,6.3
Titanfall 2,XOne,2016,Shooter,Electronic Arts,0.37,0.15,0.0,0.05,0.57,87.0,8.0
WWE 2K15,XOne,2014,Sports,Take-Two Interactive,0.29,0.23,0.0,0.05,0.57,56.0,5.7
Defiance,X360,2013,Shooter,Trion Worlds,0.38,0.14,0.0,0.05,0.57,60.0,7.2
Just Dance 2016,WiiU,2015,Misc,Ubisoft,0.27,0.25,0.0,0.05,0.57,73.0,6.9
Titanfall,PC,2014,Shooter,Electronic Arts,0.22,0.3,0.0,0.04,0.56,86.0,6.2
Quantum Break,XOne,2016,Action,Microsoft Game Studios,0.3,0.2,0.01,0.05,0.56,77.0,6.8
Guitar Hero Live,XOne,2015,Misc,Activision,0.3,0.2,0.0,0.05,0.55,81.0,5.1
Resident Evil: Revelations 2,PS4,2015,Action,Capcom,0.13,0.24,0.1,0.07,0.55,75.0,7.7
Assassin's Creed: Unity,PC,2014,Action,Ubisoft,0.18,0.33,0.0,0.04,0.55,70.0,3.0
Sly Cooper: Thieves in Time,PS3,2013,Platform,Sony Computer Entertainment Europe,0.35,0.12,0.0,0.08,0.54,75.0,8.3
NHL 14,PS3,2013,Sports,Electronic Arts,0.28,0.17,0.0,0.09,0.54,80.0,6.0
F1 2013,PS3,2013,Racing,Codemasters,0.01,0.42,0.03,0.09,0.54,77.0,6.3
Final Fantasy Explorers,3DS,2014,Role-Playing,Square Enix,0.16,0.07,0.28,0.02,0.54,69.0,7.0
NHL 14,X360,2013,Sports,Electronic Arts,0.4,0.09,0.0,0.05,0.54,81.0,5.9
LEGO Dimensions,WiiU,2015,Action,Warner Bros. Interactive Entertainment,0.3,0.18,0.0,0.05,0.53,62.0,6.5
Dragon's Crown,PS3,2013,Role-Playing,Nippon Ichi Software,0.25,0.07,0.17,0.05,0.53,82.0,8.3
Just Dance 2015,XOne,2014,Misc,Ubisoft,0.35,0.13,0.0,0.05,0.53,70.0,7.5
The LEGO Movie Videogame,XOne,2014,Action,Warner Bros. Interactive Entertainment,0.35,0.13,0.0,0.05,0.53,69.0,6.9
Overwatch,PC,2016,Shooter,Activision,0.25,0.24,0.0,0.04,0.53,91.0,6.8
StarCraft II: Legacy of the Void,PC,2015,Strategy,Activision,0.19,0.29,0.0,0.04,0.53,88.0,8.3
LEGO Jurassic World,WiiU,2015,Action,Warner Bros. Interactive Entertainment,0.27,0.19,0.02,0.04,0.52,71.0,8.1
Rory McIlroy PGA Tour,PS4,2015,Action,Electronic Arts,0.18,0.25,0.0,0.08,0.52,61.0,3.7
Lords of the Fallen,PS4,2014,Role-Playing,Square Enix,0.18,0.24,0.02,0.08,0.52,68.0,6.6
Kirby and the Rainbow Curse,WiiU,2015,Platform,Nintendo,0.22,0.13,0.12,0.04,0.52,73.0,8.0
Soul Sacrifice,PSV,2013,Role-Playing,Sony Computer Entertainment,0.15,0.08,0.22,0.06,0.51,77.0,8.2
The Walking Dead: Survival Instinct,PS3,2013,Shooter,Activision,0.28,0.15,0.0,0.08,0.51,34.0,3.6
Alien: Isolation,XOne,2014,Shooter,Sega,0.22,0.24,0.0,0.04,0.51,78.0,7.8
Naruto Shippuden: Ultimate Ninja Storm 3,X360,2013,Fighting,Namco Bandai Games,0.29,0.16,0.01,0.05,0.51,70.0,7.7
Sonic Lost World,3DS,2013,Platform,Sega,0.24,0.14,0.07,0.03,0.49,59.0,6.5
Plants vs. Zombies: Garden Warfare 2,PS4,2016,Shooter,Electronic Arts,0.2,0.21,0.0,0.08,0.49,81.0,7.7
Pokemon Art Academy ,3DS,2014,Misc,Nintendo,0.18,0.12,0.16,0.03,0.49,76.0,7.7
Bravely Second: End Layer,3DS,2015,Role-Playing,Nintendo,0.17,0.1,0.18,0.03,0.49,81.0,7.4
Skylanders: SuperChargers,WiiU,2015,Action,Activision,0.25,0.19,0.0,0.04,0.48,87.0,5.6
Plants vs. Zombies: Garden Warfare 2,XOne,2016,Shooter,Electronic Arts,0.29,0.15,0.0,0.04,0.48,80.0,8.1
Mario Golf: World Tour,3DS,2014,Sports,Nintendo,0.15,0.13,0.17,0.03,0.48,78.0,8.2
Metal Gear Rising: Revengeance,X360,2013,Action,Konami Digital Entertainment,0.3,0.14,0.0,0.04,0.48,82.0,7.8
NHL 16,XOne,2015,Sports,Electronic Arts,0.38,0.05,0.0,0.05,0.48,80.0,6.0
Rock Band 4,XOne,2015,Misc,Harmonix Music Systems,0.38,0.04,0.0,0.05,0.47,79.0,6.4
World of Warcraft: Warlords of Draenor,PC,2014,Action,Activision Blizzard,0.08,0.36,0.0,0.03,0.47,87.0,5.9
EA Sports UFC,XOne,2014,Sports,Electronic Arts,0.3,0.12,0.0,0.04,0.47,70.0,6.3
One Piece: Pirate Warriors 3,PS4,2015,Action,Namco Bandai Games,0.09,0.22,0.1,0.06,0.46,74.0,7.4
Football Manager 2015,PC,2014,Simulation,Sega,0.0,0.44,0.0,0.03,0.46,80.0,6.0
Just Dance 2014,XOne,2013,Misc,Ubisoft,0.3,0.11,0.0,0.04,0.45,71.0,7.0
LEGO The Hobbit,X360,2014,Action,Warner Bros. Interactive Entertainment,0.2,0.21,0.0,0.04,0.45,70.0,8.7
Pro Evolution Soccer 2017,PS4,2016,Sports,Konami Digital Entertainment,0.02,0.27,0.11,0.05,0.45,85.0,7.6
Wolfenstein: The New Order,PC,2014,Shooter,Bethesda Softworks,0.13,0.29,0.0,0.03,0.45,81.0,8.2
Deadpool,PS3,2013,Action,Activision,0.23,0.14,0.0,0.08,0.45,61.0,7.2
Watch Dogs,PC,2014,Action,Ubisoft,0.15,0.26,0.0,0.03,0.45,77.0,4.7
Mario Tennis Ultra Smash,WiiU,2015,Sports,Nintendo,0.13,0.15,0.14,0.02,0.44,58.0,5.3
Skylanders: Trap Team,PS4,2014,Action,Activision,0.19,0.18,0.0,0.07,0.44,78.0,5.6
DmC: Devil May Cry,X360,2013,Action,Capcom,0.26,0.12,0.01,0.04,0.44,86.0,5.1
Borderlands: The Handsome Collection,XOne,2015,Shooter,Take-Two Interactive,0.26,0.13,0.0,0.04,0.43,80.0,7.8
Naruto Shippuden: Ultimate Ninja Storm Revolution,PS3,2014,Fighting,Namco Bandai Games,0.15,0.14,0.09,0.06,0.43,73.0,7.5
Deadpool,X360,2013,Action,Activision,0.26,0.13,0.0,0.04,0.43,62.0,7.4
Lego Batman 3: Beyond Gotham,XOne,2014,Action,Warner Bros. Interactive Entertainment,0.23,0.17,0.0,0.04,0.43,74.0,7.1
MLB 14: The Show,PS3,2014,Sports,Sony Computer Entertainment America,0.35,0.0,0.0,0.08,0.43,81.0,6.8
Payday 2,PS3,2013,Shooter,505 Games,0.22,0.14,0.0,0.08,0.43,74.0,6.2
Hometown Story,3DS,2013,Role-Playing,Rising Star Games,0.23,0.12,0.04,0.04,0.43,47.0,6.0
Wolfenstein: The Old Blood,PS4,2015,Action,Bethesda Softworks,0.1,0.25,0.02,0.06,0.43,76.0,8.0
Rayman Legends,X360,2013,Platform,Ubisoft,0.19,0.2,0.0,0.04,0.43,90.0,8.2
2014 FIFA World Cup Brazil,X360,2014,Sports,Electronic Arts,0.15,0.25,0.0,0.03,0.42,74.0,4.4
Batman: Arkham Origins Blackgate,PSV,2013,Action,Warner Bros. Interactive Entertainment,0.16,0.17,0.0,0.1,0.42,61.0,6.8
Trials Fusion,PS4,2014,Racing,Ubisoft,0.13,0.22,0.01,0.07,0.42,79.0,7.2
Story of Seasons,3DS,2014,Simulation,Nintendo,0.0,0.14,0.27,0.01,0.42,76.0,8.2
Metro: Last Light,PS3,2013,Action,Deep Silver,0.14,0.18,0.03,0.07,0.42,80.0,8.2
Paper Mario: Color Splash,WiiU,2016,Role-Playing,Nintendo,0.2,0.14,0.05,0.03,0.42,75.0,6.8
Attack on Titan: Humanity in Chains,3DS,2013,Action,Screenlife,0.0,0.0,0.42,0.0,0.42,46.0,4.5
Animal Crossing: Amiibo Festival,WiiU,2015,Misc,Nintendo,0.19,0.11,0.09,0.03,0.41,46.0,4.4
Just Dance 2014,PS4,2013,Misc,Ubisoft,0.19,0.16,0.0,0.07,0.41,75.0,5.5
EA Sports UFC 2,XOne,2016,Sports,Electronic Arts,0.24,0.14,0.0,0.04,0.41,76.0,6.0
Farming Simulator 17,PS4,2016,Simulation,Focus Home Interactive,0.05,0.31,0.0,0.06,0.41,69.0,8.7
Terraria,PS3,2013,Action,505 Games,0.07,0.2,0.09,0.05,0.41,81.0,7.9
LEGO Dimensions,XOne,2015,Action,Warner Bros. Interactive Entertainment,0.22,0.15,0.0,0.04,0.41,80.0,6.9
NHL 15,XOne,2014,Sports,Electronic Arts,0.31,0.06,0.0,0.04,0.41,59.0,3.2
Tom Clancy's The Division,PC,2016,Shooter,Ubisoft,0.22,0.15,0.0,0.04,0.41,79.0,5.8
F1 2014,PS3,2014,Racing,Codemasters,0.07,0.26,0.02,0.06,0.41,62.0,4.1
Call of Duty: Advanced Warfare,PC,2014,Shooter,Activision,0.15,0.23,0.0,0.03,0.41,78.0,4.5
Tales of Zestiria,PS4,2015,Role-Playing,Namco Bandai Games,0.17,0.15,0.02,0.06,0.4,72.0,6.8
Metal Gear Solid: The Legacy Collection,PS3,2013,Adventure,Konami Digital Entertainment,0.31,0.01,0.03,0.06,0.4,93.0,9.0
Life is Strange,PS4,2016,Adventure,Square Enix,0.15,0.15,0.03,0.06,0.4,85.0,8.6
The Wonderful 101,WiiU,2013,Action,Nintendo,0.19,0.1,0.08,0.03,0.4,78.0,8.5
FIFA 14,PC,2013,Sports,Electronic Arts,0.01,0.36,0.0,0.03,0.4,87.0,4.6
Dark Souls III,XOne,2016,Role-Playing,Namco Bandai Games,0.26,0.09,0.0,0.04,0.39,87.0,8.6
Until Dawn: Rush of Blood,PS4,2016,Adventure,Sony Computer Entertainment,0.18,0.15,0.0,0.07,0.39,72.0,8.0
Sonic Lost World,WiiU,2013,Platform,Sega,0.23,0.12,0.01,0.03,0.39,63.0,7.3
Skylanders SWAP Force,PS4,2013,Platform,Activision,0.2,0.12,0.0,0.06,0.39,79.0,5.2
Just Dance 2015,PS4,2014,Misc,Ubisoft,0.19,0.13,0.0,0.07,0.39,72.0,5.8
One Piece: Unlimited World Red,3DS,2013,Action,Namco Bandai Games,0.05,0.04,0.28,0.01,0.39,75.0,7.6
Farming Simulator 2013,X360,2013,Simulation,Focus Home Interactive,0.22,0.13,0.0,0.04,0.38,33.0,6.2
Rock Band 4,PS4,2015,Misc,Harmonix Music Systems,0.26,0.05,0.0,0.07,0.38,78.0,6.3
Battlefield 1,PC,2016,Shooter,Electronic Arts,0.11,0.24,0.0,0.03,0.38,88.0,7.6
Deus Ex: Mankind Divided,PS4,2016,Role-Playing,Square Enix,0.11,0.21,0.0,0.06,0.38,84.0,7.6
Just Dance 2014,PS3,2013,Misc,Ubisoft,0.17,0.14,0.0,0.06,0.38,77.0,7.1
Wii Sports Club,WiiU,2014,Sports,Nintendo,0.17,0.14,0.04,0.03,0.38,68.0,7.0
GRID 2,PS3,2013,Racing,Codemasters,0.07,0.22,0.01,0.08,0.37,82.0,6.6
Tiger Woods PGA Tour 14,PS3,2013,Sports,Electronic Arts,0.16,0.14,0.0,0.07,0.37,74.0,3.8
BioShock The Collection,PS4,2016,Shooter,Take-Two Interactive,0.1,0.19,0.02,0.06,0.37,84.0,8.5
Theatrhythm Final Fantasy: Curtain Call,3DS,2014,Misc,Square Enix,0.13,0.08,0.15,0.02,0.37,83.0,8.2
Rocket League,PS4,2016,Sports,505 Games,0.03,0.28,0.0,0.05,0.37,85.0,8.7
DiRT Rally,PS4,2016,Racing,Codemasters,0.04,0.27,0.0,0.05,0.37,85.0,8.1
Sid Meier's Civilization: Beyond Earth,PC,2014,Strategy,Take-Two Interactive,0.11,0.22,0.0,0.03,0.36,81.0,5.5
Star Fox: Zero,WiiU,2016,Shooter,Nintendo,0.17,0.1,0.07,0.03,0.36,69.0,7.4
Sword Art Online: Lost Song,PSV,2015,Role-Playing,Namco Bandai Games,0.06,0.04,0.23,0.03,0.36,70.0,7.1
Just Dance 2016,PS4,2015,Misc,Ubisoft,0.17,0.13,0.0,0.06,0.36,73.0,6.8
Fossil Fighters: Frontier,3DS,2014,Role-Playing,Nintendo,0.08,0.04,0.23,0.01,0.36,57.0,4.8
Watch Dogs 2,XOne,2016,Action,Ubisoft,0.17,0.16,0.0,0.03,0.36,83.0,7.7
Dragon's Crown,PSV,2013,Role-Playing,Nippon Ichi Software,0.14,0.05,0.12,0.05,0.35,78.0,8.4
Earth Defense Force 2025,PS3,2013,Shooter,D3Publisher,0.04,0.02,0.27,0.01,0.35,69.0,7.5
Middle-Earth: Shadow of Mordor,PC,2014,Action,Warner Bros. Interactive Entertainment,0.12,0.2,0.0,0.03,0.35,84.0,8.0
Tiger Woods PGA Tour 14,X360,2013,Sports,Electronic Arts,0.21,0.12,0.0,0.03,0.35,77.0,6.2
Homefront: The Revolution,PS4,2016,Shooter,Deep Silver,0.06,0.21,0.03,0.05,0.35,48.0,3.8
One Piece: Burning Blood,PS4,2016,Fighting,Namco Bandai Games,0.11,0.13,0.07,0.05,0.35,66.0,7.8
Toukiden: The Age of Demons,PSV,2013,Action,Tecmo Koei,0.04,0.04,0.25,0.02,0.35,71.0,8.0
Metro: Last Light,X360,2013,Action,Deep Silver,0.17,0.15,0.0,0.03,0.35,80.0,8.4
Football Manager 2016,PC,2015,Simulation,Sega,0.0,0.33,0.0,0.02,0.35,81.0,6.9
Defiance,PS3,2013,Shooter,Trion Worlds,0.19,0.1,0.0,0.06,0.35,59.0,6.9
LEGO Marvel's Avengers,XOne,2016,Action,Warner Bros. Interactive Entertainment,0.19,0.12,0.0,0.03,0.35,71.0,5.1
Mirror's Edge Catalyst,PS4,2016,Platform,Electronic Arts,0.11,0.16,0.02,0.05,0.35,69.0,4.7
Sniper Elite 3,XOne,2014,Shooter,505 Games,0.2,0.11,0.0,0.03,0.35,63.0,6.6
TrackMania Turbo,PS4,2016,Action,Ubisoft,0.03,0.26,0.0,0.05,0.35,81.0,7.9
Call of Duty: Ghosts,WiiU,2013,Shooter,Activision,0.22,0.09,0.01,0.03,0.34,69.0,3.4
Company of Heroes 2,PC,2013,Strategy,THQ,0.06,0.25,0.0,0.04,0.34,80.0,2.1
Rayman Legends,XOne,2014,Platform,Ubisoft,0.13,0.18,0.0,0.03,0.34,91.0,7.9
World of Final Fantasy,PS4,2016,Role-Playing,Square Enix,0.08,0.14,0.08,0.04,0.33,77.0,8.3
NHL 17,PS4,2016,Sports,Electronic Arts,0.19,0.08,0.0,0.06,0.33,78.0,5.8
Sniper: Ghost Warrior 2,PS3,2013,Shooter,City Interactive,0.05,0.18,0.03,0.07,0.33,52.0,6.0
Dragon Ball Z: Extreme Butoden,3DS,2015,Fighting,Namco Bandai Games,0.12,0.03,0.16,0.02,0.33,61.0,6.6
Danganronpa: Trigger Happy Havoc,PSV,2013,Misc,Nippon Ichi Software,0.09,0.05,0.15,0.04,0.33,80.0,8.1
Hatsune Miku: Project Mirai DX,3DS,2015,Misc,Sega,0.16,0.04,0.1,0.02,0.32,80.0,8.5
Just Dance 2016,XOne,2015,Misc,Ubisoft,0.25,0.04,0.0,0.03,0.32,66.0,6.1
Remember Me,PS3,2013,Action,Capcom,0.1,0.17,0.0,0.06,0.32,72.0,7.4
Dragon Ball: XenoVerse,XOne,2015,Fighting,Namco Bandai Games,0.18,0.11,0.0,0.03,0.32,67.0,7.2
World of Warcraft: Legion,PC,2016,Role-Playing,Activision,0.13,0.16,0.0,0.03,0.32,88.0,7.5
Hatsune Miku: Project Diva F 2nd,PSV,2014,Misc,Sega,0.08,0.05,0.16,0.04,0.32,81.0,8.4
Persona 4: Dancing All Night,PSV,2015,Misc,Nippon Ichi Software,0.09,0.04,0.15,0.04,0.32,76.0,8.6
Murdered: Soul Suspect,PS4,2014,Action,Square Enix,0.09,0.16,0.02,0.05,0.32,59.0,6.9
Batman: Arkham Origins,PC,2013,Action,Warner Bros. Interactive Entertainment,0.13,0.16,0.0,0.02,0.31,74.0,7.5
Drakengard 3,PS3,2013,Role-Playing,Square Enix,0.1,0.0,0.19,0.02,0.31,61.0,7.7
Batman: Arkham Origins,WiiU,2013,Action,Warner Bros. Interactive Entertainment,0.19,0.09,0.0,0.03,0.31,68.0,7.4
Sonic Boom: Rise of Lyric,WiiU,2014,Action,Sega,0.19,0.09,0.0,0.03,0.31,32.0,3.6
Tropico 5,PS4,2015,Simulation,Kalypso Media,0.06,0.16,0.06,0.04,0.31,76.0,7.1
LEGO Legends of Chima: Laval's Journey,3DS,2013,Adventure,Warner Bros. Interactive Entertainment,0.18,0.1,0.0,0.03,0.31,65.0,3.6
Skylanders: SuperChargers,PS4,2015,Action,Activision,0.17,0.08,0.0,0.05,0.31,81.0,3.3
Dragon Ball Z: Battle of Z,PS3,2014,Fighting,Namco Bandai Games,0.1,0.1,0.06,0.04,0.31,54.0,5.3
BlazBlue: Chrono Phantasma,PS3,2013,Fighting,Arc System Works,0.14,0.0,0.14,0.03,0.3,83.0,8.3
Mario Party: Star Rush,3DS,2016,Misc,Nintendo,0.08,0.13,0.08,0.02,0.3,68.0,6.8
Naruto Shippuden: Ultimate Ninja Storm 4,XOne,2016,Fighting,Namco Bandai Games,0.21,0.07,0.0,0.03,0.3,81.0,8.5
Batman: Arkham VR,PS4,2016,Action,Warner Bros. Interactive Entertainment,0.25,0.0,0.0,0.06,0.3,75.0,7.3
F1 2013,X360,2013,Racing,Codemasters,0.01,0.27,0.0,0.02,0.3,79.0,6.6
Sword Art Online: Hollow Fragment,PSV,2014,Role-Playing,Namco Bandai Games,0.0,0.0,0.3,0.0,0.3,67.0,7.6
Lego Star Wars: The Force Awakens,XOne,2016,Action,Warner Bros. Interactive Entertainment,0.14,0.13,0.0,0.02,0.3,76.0,7.0
Deadpool,PS4,2015,Action,Activision,0.14,0.11,0.0,0.05,0.29,60.0,5.7
UEFA Euro 2016,PS4,2016,Sports,Konami Digital Entertainment,0.0,0.22,0.04,0.04,0.29,72.0,6.6
Borderlands: The Pre-Sequel,PC,2014,Shooter,Take-Two Interactive,0.11,0.15,0.0,0.02,0.29,75.0,6.2
Sonic Boom: Shattered Crystal,3DS,2014,Action,Sega,0.17,0.09,0.0,0.03,0.29,47.0,6.3
Angry Birds Star Wars,PS3,2013,Strategy,Activision,0.1,0.14,0.0,0.05,0.29,49.0,3.6
Metal Gear Solid V: Ground Zeroes,XOne,2014,Action,Konami Digital Entertainment,0.15,0.11,0.0,0.02,0.29,76.0,5.4
Disgaea 5: Alliance of Vengeance,PS4,2015,Role-Playing,Nippon Ichi Software,0.11,0.08,0.06,0.04,0.29,80.0,8.1
Assassin's Creed IV: Black Flag,WiiU,2013,Action,Ubisoft,0.17,0.09,0.0,0.03,0.29,86.0,7.7
FIFA 15,PC,2014,Sports,Electronic Arts,0.0,0.27,0.0,0.02,0.28,82.0,4.2
Hatsune Miku: Project Diva f,PS3,2013,Misc,Sega,0.08,0.0,0.19,0.02,0.28,73.0,8.4
NES Remix,WiiU,2014,Action,Nintendo,0.17,0.0,0.08,0.02,0.28,71.0,7.1
Angry Birds Star Wars,X360,2013,Strategy,Activision,0.16,0.1,0.0,0.02,0.28,59.0,5.6
One Piece: Unlimited World Red,PS3,2014,Action,Namco Bandai Games,0.09,0.1,0.06,0.04,0.28,71.0,7.3
Army of Two: The Devil's Cartel,PS3,2013,Shooter,Electronic Arts,0.11,0.11,0.01,0.05,0.28,58.0,6.7
GRID 2,X360,2013,Racing,Codemasters,0.08,0.16,0.0,0.03,0.27,78.0,5.8
The Evil Within,PC,2014,Action,Bethesda Softworks,0.1,0.16,0.0,0.02,0.27,68.0,5.9
Rory McIlroy PGA Tour,XOne,2015,Action,Electronic Arts,0.16,0.09,0.0,0.02,0.27,60.0,4.3
LEGO The Hobbit,XOne,2014,Action,Warner Bros. Interactive Entertainment,0.13,0.12,0.0,0.02,0.27,69.0,6.8
Lightning Returns: Final Fantasy XIII,X360,2013,Role-Playing,Square Enix,0.15,0.08,0.01,0.02,0.27,69.0,6.6
Batman: Arkham Origins Blackgate,3DS,2013,Action,Warner Bros. Interactive Entertainment,0.16,0.09,0.0,0.02,0.27,68.0,6.8
Ultimate NES Remix,3DS,2014,Action,Unknown,0.15,0.09,0.0,0.02,0.27,69.0,7.6
Batman: Return to Arkham,PS4,2016,Action,Warner Bros. Interactive Entertainment,0.07,0.16,0.0,0.04,0.26,73.0,8.5
Tearaway Unfolded,PS4,2015,Platform,Sony Computer Entertainment,0.09,0.13,0.0,0.04,0.26,81.0,8.1
Etrian Odyssey Untold: The Millennium Girl,3DS,2013,Role-Playing,Atlus,0.1,0.01,0.14,0.01,0.26,80.0,8.2
WWE 2K17,XOne,2016,Sports,Take-Two Interactive,0.12,0.12,0.0,0.02,0.26,68.0,5.5
Project CARS,XOne,2015,Racing,Slightly Mad Studios,0.11,0.13,0.0,0.02,0.26,81.0,5.8
Battleborn,PS4,2016,Shooter,Take-Two Interactive,0.12,0.08,0.02,0.04,0.26,68.0,6.8
Resident Evil: Revelations,X360,2013,Action,Capcom,0.12,0.1,0.02,0.02,0.26,75.0,7.4
Army of Two: The Devil's Cartel,X360,2013,Shooter,Electronic Arts,0.16,0.07,0.0,0.02,0.26,54.0,6.2
Puppeteer,PS3,2013,Platform,Sony Computer Entertainment Europe,0.11,0.08,0.02,0.04,0.26,80.0,8.5
The Legend of Legacy,3DS,2015,Role-Playing,FuRyu,0.12,0.01,0.1,0.02,0.25,67.0,7.1
PlayStation VR Worlds,PS4,2016,Misc,Sony Computer Entertainment,0.06,0.14,0.02,0.04,0.25,59.0,7.1
Anno 2205,PC,2015,Strategy,Ubisoft,0.02,0.22,0.0,0.02,0.25,72.0,5.9
Hatsune Miku: Project Diva F 2nd,PS3,2014,Misc,Sega,0.09,0.03,0.1,0.03,0.25,78.0,8.6
Need for Speed Rivals,PC,2013,Racing,Electronic Arts,0.04,0.19,0.0,0.02,0.25,76.0,3.3
The Bureau: XCOM Declassified,PS3,2013,Shooter,Take-Two Interactive,0.08,0.13,0.0,0.04,0.25,69.0,6.7
Sid Meier's Civilization VI,PC,2016,Strategy,Take-Two Interactive,0.09,0.13,0.0,0.02,0.25,88.0,7.3
Sword Art Online: Lost Song,PS4,2015,Role-Playing,Namco Bandai Games,0.1,0.11,0.0,0.04,0.25,63.0,6.3
F1 2015,XOne,2015,Racing,Codemasters,0.08,0.15,0.0,0.02,0.25,64.0,5.3
Sly Cooper: Thieves in Time,PSV,2013,Platform,Sony Computer Entertainment Europe,0.13,0.06,0.0,0.06,0.25,75.0,8.2
Stella Glow,3DS,2015,Role-Playing,Atlus,0.16,0.01,0.05,0.02,0.24,79.0,8.7
Trials Fusion,XOne,2014,Racing,Ubisoft,0.12,0.1,0.0,0.02,0.24,80.0,7.1
Onechanbara Z2: Chaos,PS4,2014,Action,Nippon Ichi Software,0.14,0.03,0.04,0.04,0.24,57.0,6.5
Skylanders SWAP Force,3DS,2013,Platform,Activision,0.1,0.12,0.0,0.02,0.24,68.0,6.4
Skylanders: SuperChargers,XOne,2015,Action,Activision,0.17,0.05,0.0,0.02,0.24,76.0,5.5
Samurai Warriors 4,PS4,2014,Action,Tecmo Koei,0.08,0.07,0.06,0.03,0.24,76.0,8.1
Total War: Attila,PC,2015,Strategy,Sega,0.09,0.13,0.0,0.02,0.24,80.0,7.3
NHL 17,XOne,2016,Sports,Electronic Arts,0.2,0.01,0.0,0.03,0.24,77.0,4.0
Etrian Mystery Dungeon,3DS,2015,Role-Playing,Nippon Ichi Software,0.09,0.01,0.13,0.01,0.24,77.0,7.9
Zumba Fitness: World Party,XOne,2013,Misc,Majesco Entertainment,0.17,0.05,0.0,0.02,0.24,73.0,6.2
Rocket League,XOne,2016,Sports,505 Games,0.05,0.17,0.0,0.02,0.24,87.0,8.3
NBA Live 14,PS4,2013,Sports,Electronic Arts,0.15,0.05,0.0,0.04,0.24,43.0,2.7
LEGO Marvel's Avengers,WiiU,2016,Action,Warner Bros. Interactive Entertainment,0.12,0.1,0.0,0.02,0.24,69.0,6.8
Pro Evolution Soccer 2014,X360,2013,Action,Konami Digital Entertainment,0.07,0.15,0.0,0.02,0.24,80.0,4.3
NBA Live 15,PS4,2014,Sports,Electronic Arts,0.16,0.04,0.0,0.04,0.23,59.0,5.6
Dynasty Warriors: Gundam Reborn,PS3,2013,Action,Tecmo Koei,0.0,0.0,0.23,0.0,0.23,64.0,7.5
The Legend of Heroes: Trails of Cold Steel,PSV,2013,Role-Playing,Nippon Ichi Software,0.05,0.02,0.14,0.02,0.23,77.0,7.5
XCOM 2,PC,2016,Strategy,Take-Two Interactive,0.09,0.12,0.0,0.02,0.23,88.0,7.1
Tom Clancy's Rainbow Six: Siege,PC,2015,Shooter,Ubisoft,0.13,0.08,0.0,0.02,0.23,79.0,6.9
Transformers: Devastation,PS4,2015,Action,Activision,0.1,0.09,0.0,0.04,0.23,77.0,7.5
Toukiden Kiwami,PSV,2014,Action,Tecmo Koei,0.02,0.02,0.17,0.01,0.23,82.0,8.6
Killer is Dead,PS3,2013,Action,Deep Silver,0.12,0.03,0.05,0.03,0.23,64.0,7.9
F1 2014,X360,2014,Racing,Codemasters,0.08,0.13,0.0,0.02,0.23,64.0,4.1
Soul Sacrifice Delta,PSV,2014,Action,Sony Computer Entertainment,0.0,0.08,0.12,0.02,0.22,82.0,8.4
Ride,PS4,2015,Racing,Milestone S.r.l.,0.04,0.13,0.03,0.03,0.22,66.0,7.0
The Sims 4: Get Together,PC,2015,Simulation,Electronic Arts,0.05,0.15,0.0,0.02,0.22,72.0,7.3
Dishonored 2,XOne,2016,Action,Bethesda Softworks,0.12,0.08,0.0,0.02,0.22,88.0,6.8
Lords of the Fallen,XOne,2014,Role-Playing,Square Enix,0.1,0.1,0.0,0.02,0.22,71.0,6.7
Senran Kagura 2: Deep Crimson ,3DS,2014,Action,Marvelous Entertainment,0.1,0.02,0.08,0.01,0.22,58.0,6.8
Naruto Shippuden: Ultimate Ninja Storm Revolution,X360,2014,Fighting,Namco Bandai Games,0.14,0.06,0.0,0.02,0.22,62.0,7.3
Angry Birds Star Wars,PS4,2013,Strategy,Activision,0.1,0.08,0.0,0.04,0.21,47.0,2.0
Code Name: S.T.E.A.M.,3DS,2015,Strategy,Nintendo,0.14,0.05,0.01,0.02,0.21,69.0,7.7
The Bureau: XCOM Declassified,X360,2013,Shooter,Take-Two Interactive,0.1,0.1,0.0,0.02,0.21,68.0,6.7
Dragon Ball: Fusions,3DS,2016,Role-Playing,Namco Bandai Games,0.02,0.0,0.19,0.0,0.21,68.0,7.6
Disgaea D2: A Brighter Darkness,PS3,2013,Role-Playing,Nippon Ichi Software,0.09,0.0,0.1,0.02,0.21,74.0,8.1
Assassin's Creed Syndicate,PC,2015,Action,Ubisoft,0.11,0.09,0.0,0.02,0.21,74.0,5.9
World of Final Fantasy,PSV,2016,Role-Playing,Square Enix,0.04,0.06,0.08,0.03,0.21,77.0,8.6
Danganronpa Another Episode: Ultra Despair Girls,PSV,2014,Action,Nippon Ichi Software,0.06,0.01,0.12,0.02,0.21,72.0,8.4
The Wolf Among Us,PS4,2014,Adventure,Telltale Games,0.1,0.07,0.0,0.04,0.21,83.0,8.4
NBA Live 15,XOne,2014,Sports,Electronic Arts,0.17,0.02,0.0,0.02,0.21,53.0,6.8
Hitman: HD Trilogy,PS3,2013,Action,Square Enix,0.07,0.09,0.0,0.04,0.21,71.0,7.6
J Stars Victory Vs.,PSV,2014,Fighting,Namco Bandai Games,0.0,0.03,0.17,0.01,0.21,74.0,7.9
Mega Man Legacy Collection,3DS,2016,Platform,Capcom,0.14,0.0,0.05,0.02,0.21,77.0,7.1
Defiance,PC,2013,Shooter,Trion Worlds,0.14,0.04,0.0,0.02,0.21,64.0,6.5
Tony Hawk's Pro Skater 5,PS4,2015,Sports,Activision,0.09,0.08,0.0,0.03,0.21,32.0,1.5
Lost Planet 3,PS3,2013,Shooter,Capcom,0.07,0.05,0.06,0.02,0.21,61.0,5.5
Assassin's Creed The Ezio Collection,PS4,2016,Action,Ubisoft,0.04,0.13,0.0,0.03,0.2,72.0,7.4
God of War Collection,PSV,2014,Action,Sony Computer Entertainment,0.08,0.06,0.01,0.05,0.2,73.0,7.4
Sniper: Ghost Warrior 2,X360,2013,Shooter,City Interactive,0.06,0.12,0.0,0.02,0.2,52.0,5.7
Disney's Planes,WiiU,2013,Simulation,Disney Interactive Studios,0.14,0.04,0.0,0.02,0.2,51.0,5.3
Zombie Army Trilogy,PS4,2015,Shooter,Rebellion Developments,0.05,0.12,0.0,0.03,0.2,62.0,6.8
The Witch and the Hundred Knight,PS3,2013,Role-Playing,Nippon Ichi Software,0.07,0.02,0.1,0.02,0.2,53.0,7.5
FIFA 16,PC,2015,Sports,Electronic Arts,0.06,0.13,0.0,0.01,0.2,81.0,4.4
NBA Live 14,XOne,2013,Sports,Electronic Arts,0.16,0.02,0.0,0.02,0.2,36.0,3.1
Dragon Ball: Xenoverse 2,XOne,2016,Action,Namco Bandai Games,0.11,0.07,0.0,0.02,0.2,73.0,7.3
Odin Sphere: Leifthrasir,PS4,2016,Role-Playing,Nippon Ichi Software,0.07,0.04,0.07,0.02,0.2,87.0,8.2
The Legend of Heroes: Trails of Cold Steel,PS3,2013,Role-Playing,Nippon Ichi Software,0.05,0.02,0.12,0.01,0.2,86.0,7.7
Dying Light,PC,2015,Action,Warner Bros. Interactive Entertainment,0.12,0.06,0.0,0.02,0.2,75.0,7.9
Castlevania: Lords of Shadow 2,PS3,2014,Action,Konami Digital Entertainment,0.03,0.12,0.02,0.03,0.2,63.0,7.8
Bound By Flame,PS4,2014,Role-Playing,Focus Home Interactive,0.08,0.09,0.0,0.03,0.19,53.0,5.9
LEGO Marvel's Avengers,3DS,2016,Action,Warner Bros. Interactive Entertainment,0.07,0.09,0.01,0.01,0.19,60.0,7.1
Mafia III,PC,2016,Action,Take-Two Interactive,0.08,0.1,0.0,0.02,0.19,63.0,3.2
Fighter Within,XOne,2013,Fighting,Ubisoft,0.11,0.07,0.0,0.02,0.19,23.0,3.0
Guitar Hero Live,WiiU,2015,Misc,Activision,0.12,0.05,0.0,0.02,0.19,84.0,6.1
Dynasty Warriors 8: Empires,PS4,2014,Action,Tecmo Koei,0.06,0.07,0.03,0.03,0.19,63.0,7.5
South Park: The Stick of Truth,PC,2014,Role-Playing,Ubisoft,0.07,0.1,0.0,0.01,0.19,85.0,8.6
Injustice: Gods Among Us,WiiU,2013,Fighting,Warner Bros. Interactive Entertainment,0.09,0.08,0.0,0.02,0.19,82.0,7.9
Metro: Last Light,PC,2013,Action,Deep Silver,0.06,0.11,0.0,0.02,0.19,82.0,8.6
Evolve,PC,2015,Shooter,Take-Two Interactive,0.08,0.1,0.0,0.02,0.19,77.0,4.3
Resident Evil: Revelations,WiiU,2013,Action,Capcom,0.07,0.07,0.03,0.01,0.19,80.0,7.5
The Legend of Heroes: Trails of Cold Steel II,PSV,2014,Role-Playing,Nippon Ichi Software,0.02,0.02,0.13,0.01,0.19,80.0,7.3
Singstar: Ultimate Party,PS4,2014,Misc,Sony Computer Entertainment Europe,0.0,0.16,0.0,0.03,0.19,47.0,4.1
Tom Clancy's Splinter Cell: Blacklist,PC,2013,Action,Ubisoft,0.04,0.13,0.0,0.01,0.19,82.0,7.4
Saints Row IV,PC,2013,Action,Deep Silver,0.11,0.06,0.0,0.02,0.19,86.0,7.4
Dance Central: Spotlight,XOne,2014,Misc,Microsoft Game Studios,0.15,0.03,0.0,0.0,0.19,74.0,7.0
Sword Art Online: Hollow Realization,PS4,2016,Role-Playing,Namco Bandai Games,0.06,0.02,0.1,0.02,0.19,69.0,7.7
Fairy Fencer F,PS3,2013,Role-Playing,Nippon Ichi Software,0.05,0.03,0.09,0.02,0.19,65.0,7.4
Shape Up,XOne,2014,Misc,Ubisoft,0.08,0.09,0.0,0.01,0.18,58.0,8.3
Atelier Shallie: Alchemists of the Dusk Sea,PS3,2014,Role-Playing,Tecmo Koei,0.06,0.02,0.08,0.02,0.18,76.0,7.7
Saint Seiya: Soldiers' Soul,PS4,2015,Fighting,Namco Bandai Games,0.0,0.12,0.04,0.02,0.18,59.0,7.8
Corpse Party: Blood Drive,PSV,2014,Adventure,Marvelous Interactive,0.08,0.01,0.06,0.03,0.18,60.0,7.4
MotoGP 14 ,PS4,2014,Racing,Milestone S.r.l.,0.04,0.11,0.0,0.03,0.18,73.0,6.4
Valhalla Knights 3,PSV,2013,Role-Playing,Xseed Games,0.04,0.01,0.12,0.01,0.18,48.0,6.8
Senran Kagura: Estival Versus,PSV,2015,Action,Marvelous Interactive,0.04,0.02,0.09,0.02,0.18,71.0,7.4
GRID Autosport,PS3,2014,Racing,Codemasters,0.05,0.09,0.01,0.03,0.18,75.0,6.8
Aliens: Colonial Marines,PC,2013,Shooter,Sega,0.1,0.06,0.0,0.02,0.18,45.0,3.5
Remember Me,X360,2013,Action,Capcom,0.1,0.06,0.0,0.02,0.18,70.0,7.5
Senran Kagura: Estival Versus,PS4,2015,Action,Marvelous Interactive,0.08,0.0,0.08,0.02,0.18,67.0,8.0
NBA Live 16,PS4,2015,Sports,Electronic Arts,0.1,0.04,0.0,0.03,0.18,59.0,6.1
Dark Souls II,PC,2014,Role-Playing,Namco Bandai Games,0.08,0.08,0.0,0.01,0.17,91.0,7.1
Project Spark,XOne,2014,Misc,Microsoft Game Studios,0.11,0.05,0.0,0.02,0.17,73.0,7.0
Toukiden Kiwami,PS4,2015,Action,Tecmo Koei,0.05,0.07,0.02,0.02,0.17,74.0,7.6
Hitman: HD Trilogy,X360,2013,Action,Square Enix,0.07,0.08,0.0,0.02,0.17,69.0,7.2
Danganronpa 2: Goodbye Despair,PSV,2014,Misc,Nippon Ichi Software,0.08,0.05,0.0,0.04,0.17,81.0,8.7
Conception II: Children of the Seven Stars,PSV,2013,Role-Playing,Screenlife,0.1,0.0,0.04,0.03,0.17,62.0,7.6
Deus Ex: Mankind Divided,XOne,2016,Role-Playing,Square Enix,0.09,0.06,0.0,0.01,0.17,83.0,7.2
Bladestorm: Nightmare,PS4,2015,Action,Tecmo Koei,0.08,0.04,0.03,0.02,0.17,58.0,6.5
LEGO Marvel Super Heroes,PC,2013,Action,Warner Bros. Interactive Entertainment,0.04,0.12,0.0,0.01,0.17,78.0,8.1
Demon Gaze,PSV,2013,Role-Playing,Nippon Ichi Software,0.04,0.02,0.08,0.02,0.17,70.0,7.4
Mobile Suit Gundam: Extreme VS Force,PSV,2015,Action,Namco Bandai Games,0.0,0.0,0.17,0.0,0.17,57.0,7.3
NASCAR '14,X360,2014,Racing,Deep Silver,0.15,0.0,0.0,0.02,0.17,65.0,5.1
One Piece: Pirate Warriors 3,PSV,2015,Action,Namco Bandai Games,0.0,0.03,0.13,0.01,0.17,76.0,6.3
7th Dragon III Code: VFD,3DS,2015,Role-Playing,Sega,0.04,0.0,0.12,0.0,0.17,77.0,8.2
Far Cry: Primal,PC,2016,Action,Ubisoft,0.04,0.11,0.0,0.01,0.16,74.0,4.8
Dengeki Bunko Fighting Climax,PS3,2014,Fighting,Sega,0.05,0.0,0.09,0.01,0.16,66.0,8.2
Mirror's Edge Catalyst,XOne,2016,Platform,Electronic Arts,0.09,0.06,0.0,0.01,0.16,72.0,4.4
Return to PopoloCrois: A Story of Seasons Fairytale,3DS,2015,Simulation,Marvelous Entertainment,0.05,0.0,0.1,0.01,0.16,72.0,6.8
Murdered: Soul Suspect,XOne,2014,Action,Square Enix,0.08,0.07,0.0,0.01,0.16,51.0,7.0
The Crew,PC,2014,Racing,Ubisoft,0.0,0.15,0.0,0.01,0.16,71.0,6.4
Angry Birds Star Wars,XOne,2013,Strategy,Activision,0.11,0.04,0.0,0.02,0.16,53.0,6.9
BioShock The Collection,XOne,2016,Shooter,Take-Two Interactive,0.08,0.06,0.0,0.01,0.16,84.0,8.3
Putty Squad,PS4,2013,Platform,System 3,0.06,0.07,0.0,0.03,0.16,38.0,2.9
Ar Nosurge: Ode to an Unborn Star,PS3,2014,Role-Playing,Tecmo Koei,0.05,0.03,0.06,0.02,0.16,67.0,7.8
Wildstar,PC,2014,Role-Playing,NCSoft,0.08,0.07,0.0,0.01,0.16,82.0,7.4
Dynasty Warriors 8: Xtreme Legends,PS3,2013,Action,Tecmo Koei,0.02,0.02,0.11,0.01,0.16,68.0,6.8
Fantasia: Music Evolved,XOne,2014,Misc,Disney Interactive Studios,0.11,0.03,0.0,0.01,0.15,77.0,7.5
Wolfenstein: The Old Blood,XOne,2015,Action,Bethesda Softworks,0.07,0.07,0.0,0.01,0.15,75.0,8.0
Dynasty Warriors 8,X360,2013,Action,Tecmo Koei,0.09,0.05,0.0,0.01,0.15,65.0,7.5
Tears to Tiara II: Heir of the Overlord,PS3,2013,Role-Playing,Nippon Ichi Software,0.07,0.01,0.06,0.02,0.15,65.0,8.7
Oreshika: Tainted Bloodlines,PSV,2014,Role-Playing,Sony Computer Entertainment,0.0,0.0,0.15,0.0,0.15,78.0,8.0
Battleborn,XOne,2016,Shooter,Take-Two Interactive,0.1,0.04,0.0,0.01,0.15,71.0,7.2
The King of Fighters XIV,PS4,2016,Fighting,Deep Silver,0.07,0.02,0.04,0.02,0.15,79.0,8.7
Sword Art Online: Hollow Realization,PSV,2016,Role-Playing,Namco Bandai Games,0.0,0.04,0.1,0.01,0.15,60.0,7.0
LEGO Harry Potter Collection,PS4,2016,Action,Warner Bros. Interactive Entertainment,0.01,0.11,0.0,0.02,0.15,73.0,8.1
The Legend of Heroes: Trails of Cold Steel II,PS3,2014,Role-Playing,Nippon Ichi Software,0.02,0.02,0.11,0.01,0.15,90.0,7.8
Lego Star Wars: The Force Awakens,WiiU,2016,Action,Warner Bros. Interactive Entertainment,0.06,0.07,0.01,0.01,0.15,74.0,8.0
Earth Defense Force 2025,X360,2013,Shooter,D3Publisher,0.06,0.03,0.05,0.01,0.15,68.0,8.1
ReCore,XOne,2016,Action,Microsoft Game Studios,0.08,0.05,0.0,0.01,0.15,63.0,6.6
BlazBlue: Chrono Phantasma Extend,PS4,2015,Action,PQube,0.07,0.03,0.02,0.02,0.14,80.0,7.7
Alien: Isolation,PC,2014,Shooter,Sega,0.0,0.14,0.0,0.01,0.14,81.0,8.4
Just Cause 3,PC,2015,Action,Square Enix,0.03,0.11,0.0,0.01,0.14,74.0,5.3
Farming Simulator 2013,PS3,2013,Simulation,Focus Home Interactive,0.0,0.09,0.02,0.02,0.14,40.0,2.9
Skylanders Imaginators,PS4,2016,Platform,Activision,0.04,0.08,0.0,0.02,0.14,80.0,5.5
XCOM 2,PS4,2016,Strategy,Take-Two Interactive,0.04,0.08,0.0,0.02,0.14,88.0,8.0
Pro Evolution Soccer 2015,XOne,2014,Sports,Konami Digital Entertainment,0.03,0.1,0.0,0.01,0.14,79.0,7.3
Cities: Skylines,PC,2015,Simulation,Paradox Interactive,0.0,0.13,0.0,0.01,0.14,85.0,8.9
Shovel Knight,3DS,2015,Platform,Yacht Club Games,0.08,0.04,0.02,0.01,0.14,90.0,8.2
Odin Sphere: Leifthrasir,PSV,2016,Role-Playing,Nippon Ichi Software,0.02,0.02,0.09,0.01,0.14,93.0,7.9
Homefront: The Revolution,XOne,2016,Shooter,Deep Silver,0.06,0.07,0.0,0.01,0.14,49.0,4.1
7 Days to Die,PS4,2016,Action,Telltale Games,0.04,0.08,0.0,0.02,0.14,45.0,5.9
Rayman Legends,PSV,2014,Platform,Ubisoft,0.01,0.1,0.0,0.03,0.14,87.0,8.4
Transformers: Devastation,XOne,2015,Action,Activision,0.09,0.04,0.0,0.01,0.14,75.0,7.9
Dead Island Definitive Collection,PS4,2016,Action,Deep Silver,0.03,0.07,0.01,0.02,0.14,63.0,6.4
Battlefield: Hardline,PC,2015,Shooter,Electronic Arts,0.0,0.13,0.0,0.01,0.14,71.0,3.8
Brothers: A Tale of Two Sons,PS4,2015,Adventure,505 Games,0.03,0.08,0.0,0.02,0.14,81.0,8.6
Persona 4: Arena Ultimax,PS3,2014,Fighting,Atlus,0.0,0.0,0.13,0.0,0.14,84.0,8.1
Call of Duty: Infinite Warfare,PC,2016,Shooter,Activision,0.04,0.08,0.0,0.01,0.14,73.0,3.0
Life is Strange,XOne,2016,Adventure,Square Enix,0.09,0.03,0.0,0.01,0.13,85.0,8.7
Gravity Rush Remastered,PS4,2015,Action,Sony Computer Entertainment,0.02,0.05,0.04,0.01,0.13,80.0,8.2
Dengeki Bunko Fighting Climax,PSV,2014,Fighting,Sega,0.04,0.0,0.08,0.01,0.13,75.0,8.5
Total War: WARHAMMER,PC,2016,Strategy,Sega,0.0,0.12,0.0,0.01,0.13,86.0,7.3
LEGO Legends of Chima: Laval's Journey,PSV,2013,Adventure,Warner Bros. Interactive Entertainment,0.01,0.09,0.0,0.03,0.13,64.0,6.6
Batman: Arkham Knight,PC,2015,Action,Warner Bros. Interactive Entertainment,0.09,0.03,0.0,0.01,0.13,70.0,2.5
Final Fantasy XIV: Heavensward,PS4,2015,Action,Square Enix,0.0,0.06,0.06,0.01,0.13,86.0,7.6
Watch Dogs,WiiU,2014,Action,Ubisoft,0.07,0.05,0.0,0.01,0.13,62.0,6.4
Deception IV: Blood Ties,PSV,2014,Action,Tecmo Koei,0.02,0.02,0.07,0.01,0.13,67.0,7.5
One Piece: Unlimited World Red,PSV,2014,Action,Namco Bandai Games,0.03,0.04,0.04,0.02,0.13,67.0,7.8
Hyperdevotion Noire: Goddess Black Heart,PSV,2014,Role-Playing,Idea Factory,0.04,0.01,0.06,0.02,0.13,68.0,7.1
Project CARS,PC,2015,Racing,Slightly Mad Studios,0.0,0.12,0.0,0.01,0.13,83.0,7.1
DiRT Rally,XOne,2016,Racing,Codemasters,0.04,0.08,0.0,0.01,0.12,86.0,8.0
Conception II: Children of the Seven Stars,3DS,2013,Role-Playing,Screenlife,0.09,0.0,0.03,0.01,0.12,62.0,7.7
Killer is Dead,X360,2013,Action,Deep Silver,0.08,0.02,0.01,0.01,0.12,64.0,7.2
Don Bradman Cricket 14,PS4,2015,Sports,Tru Blu Entertainment,0.01,0.09,0.0,0.02,0.12,76.0,7.4
Atelier Sophie: The Alchemist of the Mysterious Book,PS4,2015,Role-Playing,Tecmo Koei,0.03,0.02,0.06,0.01,0.12,75.0,8.1
Robinson: The Journey,PS4,2016,Action,Crytek,0.06,0.03,0.0,0.02,0.12,65.0,6.9
Rise of the Tomb Raider,PC,2016,Adventure,Square Enix,0.0,0.11,0.0,0.01,0.12,86.0,7.9
Hatsune Miku: Project Diva X,PSV,2016,Misc,Sega,0.01,0.0,0.1,0.0,0.12,83.0,8.0
Dishonored 2,PC,2016,Action,Bethesda Softworks,0.04,0.07,0.0,0.01,0.12,86.0,6.0
Tony Hawk's Pro Skater 5,XOne,2015,Sports,Activision,0.09,0.02,0.0,0.01,0.12,39.0,2.1
Rodea the Sky Soldier,WiiU,2015,Action,Nippon Ichi Software,0.08,0.02,0.01,0.01,0.12,45.0,6.5
Tom Clancy's Splinter Cell: Blacklist,WiiU,2013,Action,Ubisoft,0.04,0.07,0.0,0.01,0.12,75.0,7.8
Samurai Warriors 4-II,PS4,2015,Action,Tecmo Koei,0.03,0.02,0.06,0.01,0.12,73.0,7.3
Lost Planet 3,X360,2013,Shooter,Capcom,0.07,0.03,0.01,0.01,0.12,58.0,5.8
LEGO Batman 2: DC Super Heroes,WiiU,2013,Action,Warner Bros. Interactive Entertainment,0.04,0.06,0.0,0.01,0.12,77.0,7.3
Tropico 5,PC,2014,Simulation,Kalypso Media,0.02,0.09,0.0,0.01,0.12,75.0,7.0
FIFA 17,PC,2016,Sports,Electronic Arts,0.0,0.11,0.0,0.01,0.12,84.0,4.2
Armored Core: Verdict Day,PS3,2013,Simulation,From Software,0.0,0.0,0.12,0.0,0.12,66.0,7.4
Deception IV: Blood Ties,PS3,2014,Action,Tecmo Koei,0.03,0.02,0.06,0.01,0.11,70.0,8.2
Rugby 15,PS4,2015,Sports,Bigben Interactive,0.04,0.06,0.0,0.02,0.11,19.0,3.4
Disney Art Academy,3DS,2016,Action,Nintendo,0.02,0.01,0.08,0.0,0.11,72.0,6.8
Hyperdimension Neptunia U: Action Unleashed,PSV,2014,Action,Idea Factory International,0.03,0.01,0.06,0.01,0.11,71.0,6.8
Fatal Frame: Maiden of Black Water,WiiU,2014,Action,Nintendo,0.0,0.03,0.08,0.0,0.11,67.0,7.6
MLB 13: The Show,PSV,2013,Sports,Sony Computer Entertainment,0.1,0.0,0.0,0.02,0.11,75.0,7.5
Digimon Story: Cyber Sleuth,PS4,2016,Role-Playing,Namco Bandai Games,0.0,0.1,0.0,0.02,0.11,75.0,8.5
Valkyrie Drive: Bhikkhuni,PSV,2015,Action,PQube,0.0,0.03,0.07,0.01,0.11,72.0,8.5
Samurai Warriors 4,PSV,2014,Action,Tecmo Koei,0.0,0.0,0.11,0.0,0.11,76.0,8.6
Batman: Return to Arkham,XOne,2016,Action,Warner Bros. Interactive Entertainment,0.05,0.05,0.0,0.01,0.11,77.0,8.2
RIGS: Mechanized Combat League,PS4,2016,Action,Sony Computer Entertainment,0.03,0.05,0.01,0.02,0.11,79.0,7.9
NBA Live 16,XOne,2015,Sports,Electronic Arts,0.09,0.01,0.0,0.01,0.11,60.0,5.6
Zombie Army Trilogy,XOne,2015,Shooter,Rebellion Developments,0.05,0.05,0.0,0.01,0.11,62.0,7.2
God Eater 2: Rage Burst,PS4,2015,Role-Playing,Namco Bandai Games,0.0,0.01,0.09,0.0,0.11,69.0,8.0
NASCAR '14,PS3,2014,Racing,Deep Silver,0.09,0.0,0.0,0.02,0.11,67.0,4.6
Pro Evolution Soccer 2016,XOne,2015,Sports,Konami Digital Entertainment,0.04,0.06,0.0,0.01,0.11,85.0,6.2
ArmA III,PC,2013,Shooter,Bohemia Interactive,0.0,0.1,0.0,0.01,0.11,74.0,7.4
MLB 14: The Show,PSV,2014,Sports,Sony Computer Entertainment America,0.08,0.0,0.0,0.03,0.11,68.0,7.0
Dragon Ball Z: Battle of Z,PSV,2014,Fighting,Namco Bandai Games,0.0,0.04,0.06,0.01,0.11,66.0,7.5
Pac-Man and the Ghostly Adventures 2,X360,2014,Adventure,Namco Bandai Games,0.05,0.04,0.0,0.01,0.11,60.0,6.5
Mind Zero,PSV,2013,Role-Playing,GungHo,0.05,0.0,0.04,0.02,0.1,59.0,6.0
Sacred 3,PS3,2014,Role-Playing,Deep Silver,0.03,0.04,0.03,0.01,0.1,56.0,3.4
Wasteland 2,PC,2015,Role-Playing,inXile Entertainment,0.03,0.06,0.0,0.01,0.1,81.0,7.3
Pro Evolution Soccer 2014,PC,2013,Action,Konami Digital Entertainment,0.0,0.1,0.0,0.01,0.1,74.0,4.4
Ride,XOne,2015,Racing,Milestone S.r.l.,0.04,0.05,0.0,0.01,0.1,54.0,5.3
The Sims 4: City Living,PC,2016,Simulation,Electronic Arts,0.02,0.08,0.0,0.01,0.1,77.0,5.7
Scribblenauts Unmasked: A DC Comics Adventure,WiiU,2013,Puzzle,Warner Bros. Interactive Entertainment,0.09,0.0,0.0,0.01,0.1,71.0,6.3
Terraria,PSV,2013,Action,Screenlife,0.0,0.01,0.09,0.0,0.1,85.0,7.8
Scribblenauts Unmasked: A DC Comics Adventure,3DS,2013,Puzzle,Warner Bros. Interactive Entertainment,0.09,0.0,0.0,0.01,0.1,68.0,6.2
Resident Evil: Revelations 2,PSV,2015,Action,Capcom,0.0,0.03,0.07,0.01,0.1,65.0,7.8
Resident Evil: Revelations 2,XOne,2015,Action,Capcom,0.07,0.02,0.0,0.01,0.1,75.0,7.5
Steins;Gate,PSV,2013,Adventure,PQube,0.04,0.04,0.0,0.02,0.1,83.0,9.2
Ultra Street Fighter IV,PS4,2015,Fighting,Capcom,0.0,0.08,0.0,0.01,0.1,71.0,5.9
EVE: Valkyrie,PS4,2016,Shooter,CCP,0.03,0.05,0.0,0.02,0.1,73.0,6.3
The Crew: Wild Run,PS4,2015,Action,Ubisoft,0.0,0.08,0.0,0.01,0.1,73.0,6.8
Natural Doctrine,PS4,2014,Role-Playing,Nippon Ichi Software,0.05,0.02,0.02,0.01,0.1,53.0,6.0
F1 2014,PC,2014,Racing,Codemasters,0.0,0.09,0.0,0.01,0.1,61.0,4.8
Shovel Knight,WiiU,2015,Platform,Yacht Club Games,0.05,0.04,0.0,0.01,0.1,88.0,8.3
Operation Abyss: New Tokyo Legacy,PSV,2014,Role-Playing,Nippon Ichi Software,0.02,0.0,0.06,0.01,0.1,66.0,7.3
Samurai Warriors 4: Empires,PS4,2015,Action,Tecmo Koei,0.02,0.01,0.06,0.01,0.1,71.0,6.5
Skylanders Imaginators,XOne,2016,Platform,Activision,0.05,0.04,0.0,0.01,0.1,78.0,6.0
One Piece: Burning Blood,PSV,2016,Fighting,Namco Bandai Games,0.0,0.02,0.07,0.0,0.1,62.0,7.8
Pac-Man and the Ghostly Adventures 2,PS3,2014,Adventure,Namco Bandai Games,0.05,0.03,0.0,0.02,0.09,59.0,6.3
Teenage Mutant Ninja Turtles: Mutants in Manhattan,PS4,2016,Action,Activision,0.05,0.02,0.0,0.02,0.09,44.0,5.5
Steins;Gate 0,PSV,2015,Adventure,PQube,0.0,0.03,0.05,0.01,0.09,86.0,9.3
Football Manager 2017,PC,2016,Simulation,Sega,0.0,0.09,0.0,0.01,0.09,81.0,4.3
Digimon All-Star Rumble,PS3,2014,Fighting,Namco Bandai Games,0.06,0.02,0.0,0.02,0.09,49.0,5.8
Yaiba: Ninja Gaiden Z,PS3,2014,Action,Tecmo Koei,0.05,0.03,0.0,0.02,0.09,43.0,4.5
Castlevania: Lords of Shadow 2,X360,2014,Action,Konami Digital Entertainment,0.02,0.06,0.0,0.01,0.09,70.0,7.8
Pokemon Rumble World,3DS,2015,Action,Nintendo,0.0,0.01,0.08,0.0,0.09,58.0,6.4
DriveClub VR,PS4,2016,Racing,Sony Computer Entertainment,0.03,0.05,0.0,0.01,0.09,67.0,7.4
Arslan: The Warriors of Legend,PS4,2015,Action,Tecmo Koei,0.03,0.01,0.04,0.01,0.09,69.0,6.6
Wolfenstein: The Old Blood,PC,2015,Action,Bethesda Softworks,0.0,0.08,0.0,0.0,0.09,76.0,7.6
GRID Autosport,X360,2014,Racing,Codemasters,0.03,0.05,0.0,0.01,0.09,75.0,6.0
Terraria,3DS,2016,Action,505 Games,0.0,0.04,0.05,0.0,0.09,71.0,7.1
Risen 3: Titan Lords,PC,2014,Role-Playing,Deep Silver,0.0,0.08,0.0,0.0,0.09,65.0,5.7
Rugby 15,XOne,2015,Sports,Bigben Interactive,0.03,0.05,0.0,0.01,0.09,20.0,3.1
The Smurfs 2,WiiU,2013,Platform,Ubisoft,0.04,0.03,0.0,0.01,0.09,42.0,5.6
Lara Croft and the Temple of Osiris,PS4,2014,Action,Square Enix,0.0,0.07,0.0,0.01,0.09,74.0,6.7
BlazBlue Central Fiction,PS4,2016,Fighting,PQube,0.04,0.0,0.03,0.01,0.08,85.0,7.6
How to Train Your Dragon 2,WiiU,2014,Adventure,Little Orbit,0.03,0.05,0.0,0.01,0.08,47.0,4.9
The Golf Club,PS4,2014,Sports,Unknown,0.05,0.02,0.0,0.01,0.08,66.0,6.3
God Eater Resurrection,PS4,2015,Action,Namco Bandai Games,0.0,0.0,0.08,0.0,0.08,70.0,7.8
Shovel Knight,PS4,2015,Platform,Yacht Club Games,0.03,0.03,0.0,0.01,0.08,90.0,7.6
Invizimals: The Alliance,PSV,2013,Action,Sony Computer Entertainment,0.0,0.06,0.0,0.02,0.08,69.0,6.8
Battleborn,PC,2016,Shooter,Take-Two Interactive,0.04,0.04,0.0,0.01,0.08,69.0,6.9
Mega Man Legacy Collection,PS4,2016,Platform,Capcom,0.07,0.0,0.0,0.02,0.08,77.0,6.1
Adventure Time: The Secret of the Nameless Kingdom,3DS,2014,Action,Little Orbit,0.0,0.07,0.0,0.0,0.08,65.0,5.6
Risen 3: Titan Lords,PS3,2014,Role-Playing,Deep Silver,0.02,0.05,0.0,0.01,0.08,36.0,3.7
Titanfall 2,PC,2016,Shooter,Electronic Arts,0.03,0.04,0.0,0.01,0.08,85.0,8.0
Persona 4: Arena Ultimax,X360,2014,Fighting,Atlus,0.06,0.01,0.0,0.01,0.08,85.0,7.4
PAC-MAN and the Ghostly Adventures,PS3,2013,Platform,Namco Bandai Games,0.03,0.03,0.0,0.01,0.08,51.0,3.1
Sniper: Ghost Warrior 2,PC,2013,Shooter,City Interactive,0.02,0.05,0.0,0.01,0.08,52.0,5.8
PAC-MAN and the Ghostly Adventures,X360,2013,Platform,Namco Bandai Games,0.04,0.03,0.0,0.01,0.08,49.0,5.1
Lost Dimension,PSV,2014,Role-Playing,Nippon Ichi Software,0.03,0.01,0.02,0.02,0.08,72.0,8.3
Resident Evil 6,PS4,2016,Shooter,Capcom,0.06,0.0,0.0,0.01,0.08,60.0,6.7
Assassin's Creed: Rogue,PC,2015,Action,Ubisoft,0.05,0.02,0.0,0.01,0.08,74.0,7.5
X Rebirth,PC,2013,Simulation,Koch Media,0.0,0.08,0.0,0.0,0.08,33.0,3.3
Song of the Deep,PS4,2016,Action,Insomniac Games,0.06,0.0,0.0,0.01,0.08,69.0,7.3
Assassin's Creed The Ezio Collection,XOne,2016,Action,Ubisoft,0.03,0.04,0.0,0.01,0.08,74.0,7.6
Metal Gear Solid V: The Phantom Pain,PC,2015,Action,Konami Digital Entertainment,0.0,0.07,0.0,0.0,0.08,91.0,7.7
Valentino Rossi: The Game,PS4,2016,Racing,Namco Bandai Games,0.01,0.05,0.0,0.01,0.08,75.0,8.0
Samurai Warriors Chronicles 3,3DS,2014,Action,Tecmo Koei,0.0,0.0,0.08,0.0,0.08,63.0,6.1
Zero Escape: Zero Time Dilemma,3DS,2016,Adventure,Aksys Games,0.05,0.0,0.02,0.01,0.08,81.0,8.5
Grand Ages: Medieval,PS4,2015,Strategy,Kalypso Media,0.0,0.05,0.02,0.01,0.07,64.0,7.1
Lost Dimension,PS3,2014,Role-Playing,Nippon Ichi Software,0.05,0.01,0.0,0.01,0.07,71.0,7.3
Escape Dead Island,PS3,2014,Action,Deep Silver,0.04,0.03,0.0,0.01,0.07,40.0,3.5
Toy Soldiers: War Chest,PS4,2015,Action,Ubisoft,0.06,0.0,0.0,0.01,0.07,62.0,7.7
Fairy Fencer F: Advent Dark Force,PS4,2015,Role-Playing,Idea Factory International,0.02,0.0,0.05,0.0,0.07,71.0,6.2
Dark Souls III,PC,2016,Role-Playing,Namco Bandai Games,0.0,0.07,0.0,0.0,0.07,89.0,8.6
Grand Kingdom,PS4,2015,Role-Playing,Nippon Ichi Software,0.03,0.0,0.03,0.01,0.07,78.0,8.1
Escape Dead Island,X360,2014,Action,Deep Silver,0.03,0.04,0.0,0.01,0.07,32.0,3.8
Child of Light,PSV,2014,Role-Playing,Ubisoft,0.0,0.04,0.02,0.01,0.07,83.0,7.8
Tokyo Twilight Ghost Hunters,PSV,2014,Role-Playing,Aksys Games,0.03,0.01,0.02,0.01,0.07,63.0,7.0
Saint Seiya: Brave Soldiers,PS3,2013,Fighting,Namco Bandai Games,0.0,0.01,0.06,0.0,0.07,55.0,7.4
Earth Defense Force 2: Invaders from Planet Space,PSV,2014,Action,Xseed Games,0.02,0.0,0.04,0.01,0.07,72.0,8.5
Dynasty Warriors 8: Empires,XOne,2014,Action,Tecmo Koei,0.04,0.02,0.0,0.01,0.07,58.0,6.8
Mugen Souls Z,PS3,2013,Role-Playing,Nippon Ichi Software,0.02,0.01,0.04,0.01,0.07,57.0,6.4
Eagle Flight,PS4,2016,Adventure,Ubisoft,0.01,0.05,0.0,0.01,0.07,72.0,7.8
Goodbye Deponia,PC,2013,Adventure,Daedalic Entertainment,0.0,0.06,0.0,0.0,0.07,80.0,7.9
The Book of Unwritten Tales 2,PS4,2015,Adventure,Nordic Games,0.0,0.06,0.0,0.01,0.07,63.0,8.6
Assassin's Creed Chronicles,PSV,2016,Action,Ubisoft,0.01,0.04,0.01,0.01,0.07,70.0,8.0
Dragon Ball Z: Battle of Z,X360,2014,Fighting,Namco Bandai Games,0.01,0.05,0.0,0.0,0.07,53.0,5.1
Terraria,PS4,2014,Action,505 Games,0.0,0.05,0.01,0.01,0.07,83.0,7.9
The Guided Fate Paradox,PS3,2013,Role-Playing,Nippon Ichi Software,0.0,0.0,0.06,0.0,0.07,74.0,7.8
Natural Doctrine,PSV,2014,Role-Playing,Nippon Ichi Software,0.02,0.01,0.03,0.01,0.07,60.0,7.5
Broken Sword 5: The Serpent's Curse,PS4,2015,Adventure,Revolution Software,0.0,0.06,0.0,0.01,0.07,72.0,7.2
Risen 3: Titan Lords,X360,2014,Role-Playing,Deep Silver,0.02,0.04,0.0,0.0,0.06,44.0,4.4
GRID 2,PC,2013,Racing,Codemasters,0.0,0.06,0.0,0.01,0.06,80.0,5.7
Criminal Girls: Invite Only,PSV,2013,Role-Playing,Nippon Ichi Software,0.01,0.01,0.04,0.01,0.06,55.0,6.7
Samurai Warriors Chronicles 3,PSV,2014,Action,Tecmo Koei,0.0,0.0,0.06,0.0,0.06,70.0,7.9
One Piece: Unlimited World Red,WiiU,2014,Action,Namco Bandai Games,0.0,0.04,0.02,0.0,0.06,66.0,7.8
Mario vs. Donkey Kong: Tipping Stars,3DS,2015,Puzzle,Nintendo,0.0,0.0,0.06,0.0,0.06,70.0,7.5
Mirror's Edge Catalyst,PC,2016,Platform,Electronic Arts,0.01,0.05,0.0,0.0,0.06,74.0,4.4
Assetto Corsa,PS4,2016,Racing,505 Games,0.0,0.05,0.0,0.01,0.06,73.0,6.2
One Piece: Burning Blood,XOne,2016,Fighting,Namco Bandai Games,0.03,0.02,0.0,0.01,0.06,60.0,5.8
TrackMania Turbo,XOne,2016,Action,Ubisoft,0.02,0.04,0.0,0.0,0.06,76.0,7.7
Pro Evolution Soccer 2015,PC,2014,Sports,Konami Digital Entertainment,0.0,0.06,0.0,0.0,0.06,82.0,5.8
Zero Escape: Zero Time Dilemma,PSV,2016,Adventure,Aksys Games,0.03,0.0,0.02,0.01,0.06,83.0,8.3
Nights of Azure,PS4,2015,Action,Tecmo Koei,0.03,0.02,0.0,0.01,0.06,67.0,7.6
The LEGO Movie Videogame,PC,2014,Action,Warner Bros. Interactive Entertainment,0.02,0.04,0.0,0.0,0.06,68.0,6.8
DuckTales: Remastered,WiiU,2013,Action,Capcom,0.06,0.0,0.0,0.01,0.06,76.0,7.9
MX vs. ATV Supercross,X360,2014,Racing,Nordic Games,0.03,0.02,0.0,0.01,0.06,48.0,4.8
Grand Kingdom,PSV,2015,Role-Playing,Nippon Ichi Software,0.01,0.01,0.04,0.01,0.06,76.0,8.8
Earth Defense Force 4.1: The Shadow of New Despair,PS4,2015,Shooter,Xseed Games,0.03,0.02,0.0,0.01,0.06,64.0,7.9
The Technomancer,PS4,2016,Role-Playing,Focus Home Interactive,0.02,0.04,0.0,0.01,0.06,60.0,6.7
Song of the Deep,XOne,2016,Action,Insomniac Games,0.05,0.0,0.0,0.01,0.06,66.0,6.9
Devil's Third,WiiU,2015,Action,Nintendo,0.04,0.02,0.0,0.01,0.06,43.0,6.5
Lord of Magna: Maiden Heaven,3DS,2014,Role-Playing,Marvelous Entertainment,0.0,0.0,0.06,0.0,0.06,68.0,7.8
Adventure Time: The Secret of the Nameless Kingdom,X360,2014,Action,Little Orbit,0.0,0.05,0.0,0.0,0.06,58.0,7.5
Toy Soldiers: War Chest,XOne,2015,Action,Ubisoft,0.05,0.0,0.0,0.01,0.06,60.0,8.4
Exist Archive: The Other Side of the Sky,PSV,2015,Role-Playing,Aksys Games,0.01,0.0,0.05,0.0,0.06,71.0,8.3
Street Fighter V,PC,2016,Fighting,Capcom,0.0,0.05,0.0,0.0,0.06,74.0,2.9
MX vs. ATV Supercross Encore,PS4,2015,Sports,Nordic Games,0.0,0.05,0.0,0.01,0.06,42.0,4.1
Tropico 5,X360,2014,Simulation,Kalypso Media,0.03,0.02,0.0,0.0,0.06,71.0,7.2
Rugby World Cup 2015,PS4,2015,Sports,Ubisoft,0.0,0.05,0.0,0.01,0.06,25.0,1.9
Tokyo Twilight Ghost Hunters,PS3,2014,Role-Playing,Aksys Games,0.03,0.0,0.02,0.01,0.06,64.0,6.4
Remember Me,PC,2013,Action,Capcom,0.0,0.05,0.0,0.0,0.06,65.0,7.4
Ride to Hell,X360,2013,Racing,Deep Silver,0.04,0.01,0.0,0.01,0.06,19.0,1.3
Rocket League,PC,2016,Sports,505 Games,0.01,0.04,0.0,0.0,0.06,86.0,8.2
7 Days to Die,XOne,2016,Action,Telltale Games,0.03,0.02,0.0,0.0,0.05,35.0,5.2
Hearts of Iron IV,PC,2016,Strategy,Paradox Interactive,0.0,0.05,0.0,0.0,0.05,83.0,6.9
Enemy Front,PS3,2014,Shooter,City Interactive,0.01,0.04,0.0,0.01,0.05,43.0,6.0
Murdered: Soul Suspect,PC,2014,Action,Square Enix,0.0,0.05,0.0,0.0,0.05,59.0,7.4
Mighty No. 9,PS4,2016,Platform,Deep Silver,0.04,0.0,0.0,0.01,0.05,52.0,3.5
Dead or Alive Xtreme 3: Fortune,PS4,2016,Sports,Tecmo Koei,0.0,0.0,0.05,0.0,0.05,43.0,7.8
Dead Island Definitive Collection,XOne,2016,Action,Deep Silver,0.02,0.03,0.0,0.0,0.05,67.0,4.9
PAC-MAN and the Ghostly Adventures,WiiU,2013,Platform,Namco Bandai Games,0.03,0.01,0.0,0.0,0.05,58.0,6.5
F1 2015,PC,2015,Racing,Codemasters,0.0,0.05,0.0,0.0,0.05,61.0,3.6
Killing Floor 2 ,PS4,2016,Shooter,Tripwire Interactive,0.03,0.01,0.0,0.01,0.05,76.0,8.0
Mortal Kombat X,PC,2015,Fighting,Warner Bros. Interactive Entertainment,0.01,0.04,0.0,0.0,0.05,76.0,5.1
Bladestorm: Nightmare,XOne,2015,Action,Tecmo Koei,0.03,0.02,0.0,0.0,0.05,48.0,7.1
Sacred 3,X360,2014,Role-Playing,Deep Silver,0.03,0.02,0.0,0.0,0.05,51.0,4.1
Wasteland 2,XOne,2015,Role-Playing,Deep Silver,0.04,0.01,0.0,0.01,0.05,77.0,7.1
The Bureau: XCOM Declassified,PC,2013,Shooter,Take-Two Interactive,0.0,0.05,0.0,0.0,0.05,66.0,6.5
Steins;Gate 0,PS4,2015,Adventure,PQube,0.0,0.0,0.05,0.0,0.05,81.0,8.3
Metroid Prime: Federation Force,3DS,2016,Action,Nintendo,0.02,0.01,0.01,0.0,0.05,64.0,5.1
Payday 2,PC,2013,Shooter,505 Games,0.04,0.0,0.0,0.01,0.05,79.0,3.4
Hatsune Miku: Project Diva X,PS4,2016,Misc,Sega,0.02,0.0,0.02,0.0,0.05,78.0,7.4
Grand Ages: Medieval,PC,2015,Strategy,Kalypso Media,0.0,0.05,0.0,0.0,0.05,63.0,5.4
Saints Row: Gat out of Hell,PS4,2015,Action,Deep Silver,0.0,0.04,0.0,0.01,0.05,64.0,5.7
Plants vs. Zombies: Garden Warfare 2,PC,2016,Shooter,Electronic Arts,0.0,0.04,0.0,0.0,0.05,82.0,7.5
NASCAR Heat Evolution,PS4,2016,Racing,Dusenberry Martin Racing,0.04,0.0,0.0,0.01,0.05,66.0,3.8
Child of Light,PS4,2014,Role-Playing,Ubisoft,0.0,0.01,0.04,0.0,0.05,82.0,8.0
DuckTales: Remastered,PS3,2013,Action,Capcom,0.01,0.03,0.0,0.01,0.05,75.0,7.4
Pro Evolution Soccer 2017,XOne,2016,Sports,Konami Digital Entertainment,0.01,0.03,0.0,0.0,0.05,87.0,6.1
XCOM 2,XOne,2016,Strategy,Take-Two Interactive,0.02,0.02,0.0,0.0,0.05,87.0,8.1
Yaiba: Ninja Gaiden Z,X360,2014,Action,Tecmo Koei,0.03,0.01,0.0,0.0,0.05,50.0,5.3
Ride 2,PS4,2016,Racing,Milestone S.r.l,0.0,0.04,0.0,0.01,0.05,71.0,8.0
Root Letter,PSV,2016,Adventure,PQube,0.0,0.03,0.01,0.01,0.05,78.0,7.8
Resident Evil 6,XOne,2016,Shooter,Capcom,0.04,0.0,0.0,0.0,0.05,63.0,6.3
Sbastien Loeb Rally Evo,PS4,2016,Racing,Milestone S.r.l,0.0,0.04,0.0,0.01,0.04,71.0,8.1
Life is Strange,PC,2016,Adventure,Square Enix,0.01,0.04,0.0,0.0,0.04,83.0,8.6
Battlezone,PS4,2016,Action,Rebellion Developments,0.02,0.02,0.0,0.01,0.04,66.0,7.0
Pro Evolution Soccer 2016,PC,2015,Sports,Konami Digital Entertainment,0.0,0.04,0.0,0.0,0.04,76.0,4.3
Teenage Mutant Ninja Turtles: Mutants in Manhattan,XOne,2016,Action,Activision,0.03,0.01,0.0,0.0,0.04,55.0,6.0
Enemy Front,X360,2014,Shooter,Namco Bandai Games,0.02,0.02,0.0,0.0,0.04,35.0,5.8
Shantae and the Pirate's Curse,3DS,2015,Platform,Rising Star Games,0.01,0.0,0.03,0.0,0.04,82.0,8.5
Nobunaga's Ambition: Sphere of Influence,PS4,2014,Strategy,Tecmo Koei,0.03,0.0,0.0,0.01,0.04,80.0,8.1
LEGO Friends,3DS,2013,Action,Warner Bros. Interactive Entertainment,0.0,0.04,0.0,0.0,0.04,43.0,8.3
Brothers: A Tale of Two Sons,XOne,2015,Adventure,505 Games,0.03,0.01,0.0,0.0,0.04,81.0,8.9
Nitroplus Blasterz: Heroines Infinite Duel,PS4,2015,Fighting,Marvelous Interactive,0.01,0.0,0.02,0.0,0.04,70.0,6.9
Ride to Hell,PS3,2013,Racing,Deep Silver,0.02,0.01,0.0,0.01,0.04,13.0,1.0
Gravity Falls: Legend of the Gnome Gemulets,3DS,2015,Action,Ubisoft,0.03,0.0,0.0,0.0,0.04,46.0,5.8
Rodea the Sky Soldier,3DS,2015,Action,Nippon Ichi Software,0.03,0.0,0.0,0.0,0.04,45.0,5.6
Rugby Challenge 3,PS4,2016,Sports,Alternative Software,0.0,0.04,0.0,0.01,0.04,64.0,6.8
Stellaris,PC,2016,Strategy,Paradox Interactive,0.0,0.04,0.0,0.0,0.04,78.0,8.0
Psycho-Pass: Mandatory Happiness,PS4,2016,Adventure,Nippon Ichi Software,0.03,0.0,0.0,0.01,0.04,72.0,8.3
Terraria,XOne,2014,Action,505 Games,0.0,0.04,0.0,0.0,0.04,84.0,7.7
Resident Evil: Revelations,PC,2013,Action,Capcom,0.0,0.04,0.0,0.0,0.04,77.0,7.0
Dead Rising,PS4,2016,Action,Capcom,0.02,0.0,0.01,0.01,0.04,78.0,6.6
LEGO Jurassic World,PC,2015,Action,Warner Bros. Interactive Entertainment,0.0,0.04,0.0,0.0,0.04,72.0,7.1
Lost Planet 3,PC,2013,Shooter,Capcom,0.0,0.04,0.0,0.0,0.04,61.0,6.2
Beyblade Evolution,3DS,2013,Action,Rising Star Games,0.02,0.01,0.0,0.0,0.04,49.0,6.3
Castlevania: Lords of Shadow 2,PC,2014,Action,Konami Digital Entertainment,0.01,0.03,0.0,0.0,0.04,58.0,7.7
Exist Archive: The Other Side of the Sky,PS4,2015,Role-Playing,Aksys Games,0.01,0.0,0.03,0.0,0.04,69.0,7.9
Assassin's Creed Chronicles: China,PS4,2015,Action,Ubisoft,0.0,0.03,0.0,0.01,0.04,69.0,6.4
Ray Gigant,PSV,2015,Role-Playing,Namco Bandai Games,0.0,0.0,0.04,0.0,0.04,72.0,8.1
Transport Fever,PC,2016,Simulation,Astragon,0.0,0.03,0.0,0.0,0.04,70.0,7.0
Homefront: The Revolution,PC,2016,Shooter,Deep Silver,0.01,0.02,0.0,0.0,0.04,54.0,3.5
Just Dance 2017,XOne,2016,Misc,Ubisoft,0.03,0.0,0.0,0.0,0.04,75.0,8.0
Stranger of Sword City,PSV,2015,Role-Playing,Nippon Ichi Software,0.02,0.0,0.0,0.01,0.04,71.0,8.0
Pro Cycling Manager 2016,PC,2016,Sports,Focus Home Interactive,0.0,0.03,0.0,0.0,0.03,64.0,4.8
Infamous: First Light,PS4,2014,Action,Sony Computer Entertainment,0.0,0.03,0.0,0.0,0.03,73.0,7.5
Tour de France 2014,PS4,2014,Sports,Focus Home Interactive,0.0,0.03,0.0,0.0,0.03,53.0,5.1
The Night of the Rabbit,PC,2013,Adventure,Daedalic Entertainment,0.0,0.03,0.0,0.0,0.03,75.0,7.5
Duke Nukem 3D: 20th Anniversary World Tour,PS4,2016,Shooter,Gearbox Software,0.03,0.0,0.0,0.01,0.03,77.0,6.9
JoJo's Bizarre Adventure: Eyes of Heaven,PS4,2015,Fighting,Namco Bandai Games,0.0,0.0,0.03,0.0,0.03,61.0,7.4
Yumi's Odd Odyssey,3DS,2013,Platform,Agatsuma Entertainment,0.0,0.0,0.03,0.0,0.03,74.0,7.7
Deus Ex: Mankind Divided,PC,2016,Role-Playing,Square Enix,0.0,0.03,0.0,0.0,0.03,83.0,6.1
Song of the Deep,PC,2016,Action,Insomniac Games,0.03,0.0,0.0,0.0,0.03,73.0,6.3
DiRT Rally,PC,2016,Racing,Codemasters,0.0,0.03,0.0,0.0,0.03,86.0,8.7
Trials Fusion,PC,2014,Racing,Ubisoft,0.0,0.03,0.0,0.0,0.03,80.0,6.8
Prison Architect,PS4,2016,Action,Introversion Software,0.01,0.01,0.0,0.01,0.03,80.0,8.0
Sorcery Saga: The Curse of the Great Curry God,PSV,2013,Role-Playing,Rising Star Games,0.0,0.0,0.03,0.0,0.03,65.0,7.3
Darkstalkers Resurrection,PS3,2013,Fighting,Capcom,0.0,0.0,0.03,0.0,0.03,80.0,7.3
Transformers: Devastation,PC,2015,Action,Activision,0.0,0.03,0.0,0.0,0.03,74.0,7.6
The Golf Club,XOne,2014,Sports,Unknown,0.03,0.0,0.0,0.0,0.03,64.0,5.4
Worms: WMD,PS4,2016,Action,Sold Out,0.01,0.02,0.0,0.0,0.03,78.0,7.6
The Inner World,PC,2013,Adventure,Headup Games,0.0,0.03,0.0,0.0,0.03,72.0,8.1
Valentino Rossi: The Game,XOne,2016,Racing,Namco Bandai Games,0.01,0.02,0.0,0.0,0.03,74.0,8.1
Lords of the Fallen,PC,2014,Role-Playing,Square Enix,0.0,0.03,0.0,0.0,0.03,73.0,6.9
Mighty No. 9,WiiU,2016,Platform,Deep Silver,0.02,0.01,0.0,0.0,0.03,48.0,4.6
Superdimension Neptune vs Sega Hard Girls,PSV,2016,Role-Playing,Idea Factory International,0.0,0.02,0.0,0.01,0.03,73.0,8.4
The Talos Principle,PS4,2015,Puzzle,Devolver Digital,0.0,0.02,0.0,0.0,0.03,88.0,8.4
Ride,PC,2015,Racing,Milestone S.r.l.,0.0,0.03,0.0,0.0,0.03,68.0,4.8
Bus Simulator 16,PC,2016,Simulation,Astragon,0.0,0.03,0.0,0.0,0.03,46.0,6.1
MX vs. ATV Supercross,PS3,2014,Racing,Nordic Games,0.02,0.01,0.0,0.0,0.03,58.0,3.5
XBLAZE Code: Embryo,PSV,2013,Adventure,Arc System Works,0.01,0.0,0.01,0.0,0.03,43.0,7.4
Dead Rising 2,PS4,2016,Action,Capcom,0.01,0.0,0.01,0.0,0.03,82.0,6.6
The Technomancer,XOne,2016,Role-Playing,Focus Home Interactive,0.01,0.01,0.0,0.0,0.03,68.0,7.4
The Peanuts Movie: Snoopy's Grand Adventure,PS4,2015,Action,Activision,0.0,0.02,0.0,0.0,0.03,59.0,6.6
Aegis of Earth: Protonovus Assault,PS4,2016,Action,PQube,0.02,0.0,0.0,0.0,0.03,57.0,7.8
Agatha Christie's The ABC Murders,PS4,2016,Adventure,Microids,0.01,0.01,0.0,0.0,0.03,67.0,6.2
Legend of Kay Anniversary,PS4,2015,Action,Nordic Games,0.0,0.02,0.0,0.0,0.03,62.0,6.4
GRID Autosport,PC,2014,Racing,Codemasters,0.0,0.02,0.0,0.0,0.02,78.0,6.2
Final Fantasy XIV: Heavensward,PC,2015,Action,Square Enix,0.01,0.01,0.0,0.0,0.02,86.0,7.7
Omega Quintet,PS4,2014,Role-Playing,Compile Heart,0.0,0.0,0.02,0.0,0.02,58.0,7.1
Here They Lie,PS4,2016,Adventure,Sony Computer Entertainment,0.0,0.02,0.0,0.0,0.02,62.0,6.5
Anima - Gate of Memories,PS4,2016,Action,Avanquest,0.0,0.02,0.0,0.0,0.02,52.0,7.9
Psycho-Pass: Mandatory Happiness,PSV,2016,Adventure,Nippon Ichi Software,0.0,0.01,0.01,0.0,0.02,64.0,7.3
Phoenix Wright: Ace Attorney Trilogy,3DS,2014,Adventure,Capcom,0.0,0.0,0.02,0.0,0.02,81.0,9.0
Dino Dini's Kick Off Revival,PS4,2016,Sports,Avanquest,0.0,0.02,0.0,0.0,0.02,31.0,4.5
Plants vs. Zombies: Garden Warfare,PC,2014,Shooter,Electronic Arts,0.0,0.02,0.0,0.0,0.02,78.0,7.8
Touhou Genso Rondo: Bullet Ballet,PS4,2016,Shooter,Nippon Ichi Software,0.02,0.0,0.0,0.0,0.02,55.0,4.7
Sniper Elite V2,WiiU,2013,Shooter,505 Games,0.0,0.02,0.0,0.0,0.02,58.0,5.8
Sacred 3,PC,2014,Role-Playing,Deep Silver,0.0,0.02,0.0,0.0,0.02,57.0,1.4
Pro Evolution Soccer 2017,PC,2016,Sports,Konami Digital Entertainment,0.0,0.02,0.0,0.0,0.02,69.0,3.7
The Awakened Fate Ultimatum,PS3,2014,Role-Playing,Nippon Ichi Software,0.0,0.0,0.02,0.0,0.02,65.0,7.3
Xblaze: Lost Memories,PS3,2015,Adventure,Arc System Works,0.02,0.0,0.0,0.0,0.02,63.0,6.2
Carmageddon: Max Damage,XOne,2016,Action,Stainless Games,0.01,0.01,0.0,0.0,0.02,52.0,7.1
RollerCoaster Tycoon World,PC,2016,Simulation,Atari,0.0,0.02,0.0,0.0,0.02,43.0,2.4
Darksiders: Warmastered Edition,PS4,2016,Action,Nordic Games,0.02,0.0,0.0,0.0,0.02,79.0,8.5
Agatha Christie: The ABC Murders,PC,2016,Adventure,Microids,0.0,0.02,0.0,0.0,0.02,66.0,8.5
Lara Croft and the Temple of Osiris,PC,2014,Action,Square Enix,0.0,0.02,0.0,0.0,0.02,73.0,5.4
Fist of the North Star: Ken's Rage 2,WiiU,2013,Fighting,Tecmo Koei,0.0,0.0,0.02,0.0,0.02,40.0,5.8
Dynasty Warriors 8: Empires,PSV,2015,Action,Tecmo Koei,0.0,0.0,0.02,0.0,0.02,70.0,7.4
Tenkai Knights: Brave Battle,3DS,2014,Action,Namco Bandai Games,0.01,0.01,0.0,0.0,0.02,26.0,2.4
Battle Princess of Arcadias,PS3,2013,Role-Playing,Nippon Ichi Software,0.0,0.0,0.02,0.0,0.02,69.0,7.9
Mighty No. 9,XOne,2016,Platform,Deep Silver,0.02,0.0,0.0,0.0,0.02,55.0,4.2
The Crew: Wild Run,XOne,2015,Action,Ubisoft,0.0,0.02,0.0,0.0,0.02,65.0,6.6
The Crew: Wild Run,PC,2015,Action,Ubisoft,0.0,0.02,0.0,0.0,0.02,74.0,7.4
Pillars of Eternity,PC,2014,Role-Playing,Paradox Interactive,0.0,0.02,0.0,0.0,0.02,89.0,8.3
Prototype: Biohazard Bundle,PS4,2016,Action,Activision,0.01,0.0,0.0,0.0,0.02,48.0,2.0
Invizimals: The Lost Kingdom,PS3,2013,Action,Sony Computer Entertainment,0.0,0.02,0.0,0.0,0.02,50.0,5.0
Mark McMorris Infinite Air,PS4,2016,Sports,FuRyu Corporation,0.01,0.0,0.0,0.0,0.02,49.0,6.0
Divinity: Original Sin,PC,2014,Role-Playing,Focus Home Interactive,0.0,0.02,0.0,0.0,0.02,87.0,8.7
Broken Sword 5: The Serpent's Curse,XOne,2015,Adventure,Revolution Software,0.0,0.02,0.0,0.0,0.02,77.0,7.2
Quantum Break,PC,2016,Action,Microsoft Game Studios,0.0,0.01,0.0,0.0,0.02,66.0,4.3
DuckTales: Remastered,PC,2013,Action,Capcom,0.0,0.01,0.0,0.0,0.02,66.0,7.6
Assetto Corsa,XOne,2016,Racing,505 Games,0.0,0.01,0.0,0.0,0.02,63.0,6.7
Contrast,PC,2013,Platform,Focus Home Interactive,0.0,0.01,0.0,0.0,0.01,62.0,7.7
Valentino Rossi: The Game,PC,2016,Racing,Namco Bandai Games,0.0,0.01,0.0,0.0,0.01,72.0,6.2
Republique,PS4,2016,Action,Nippon Ichi Software,0.0,0.01,0.01,0.0,0.01,72.0,5.8
NBA 2K17,PC,2016,Sports,Take-Two Interactive,0.0,0.01,0.0,0.0,0.01,90.0,6.3
Super Stardust Ultra VR,PS4,2016,Shooter,Sony Computer Entertainment,0.0,0.01,0.0,0.0,0.01,66.0,6.2
Azure Striker Gunvolt,3DS,2016,Action,Yacht Club Games,0.01,0.0,0.0,0.0,0.01,77.0,8.4
Don Bradman Cricket 14,PS3,2014,Sports,Tru Blu Entertainment,0.0,0.01,0.0,0.0,0.01,73.0,6.9
War for the Overworld,PC,2015,Strategy,Unknown,0.0,0.01,0.0,0.0,0.01,65.0,7.7
Darksiders: Warmastered Edition,XOne,2016,Action,Nordic Games,0.01,0.0,0.0,0.0,0.01,80.0,7.9
The Technomancer,PC,2016,Role-Playing,Focus Home Interactive,0.0,0.01,0.0,0.0,0.01,56.0,6.8
htoL#NiQ: The Firefly Diary,PSV,2014,Platform,Nippon Ichi Software,0.0,0.0,0.01,0.0,0.01,58.0,7.7
Worms: WMD,XOne,2016,Action,Sold Out,0.01,0.0,0.0,0.0,0.01,75.0,8.1
Doki-Doki Universe,PSV,2013,Adventure,Sony Computer Entertainment,0.0,0.01,0.0,0.0,0.01,66.0,5.7
Sherlock Holmes: The Devil's Daughter,PC,2016,Adventure,Bigben Interactive,0.0,0.01,0.0,0.0,0.01,65.0,7.3
Prototype: Biohazard Bundle,XOne,2016,Action,Activision,0.01,0.0,0.0,0.0,0.01,56.0,3.1
Agatha Christie's The ABC Murders,XOne,2016,Adventure,Microids,0.01,0.0,0.0,0.0,0.01,66.0,7.5
Battle Worlds: Kronos,PC,2016,Strategy,Nordic Games,0.0,0.01,0.0,0.0,0.01,71.0,7.1
Goat Simulator,XOne,2016,Simulation,Koch Media,0.0,0.01,0.0,0.0,0.01,53.0,6.3
Legend of Kay Anniversary,WiiU,2015,Action,Nordic Games,0.0,0.01,0.0,0.0,0.01,67.0,7.1
Mario vs. Donkey Kong: Tipping Stars,WiiU,2015,Puzzle,Nintendo,0.0,0.0,0.01,0.0,0.01,70.0,7.4
Cities: Skylines Snowfall,PC,2016,Simulation,Paradox Development,0.0,0.01,0.0,0.0,0.01,72.0,7.1
Act of Aggression,PC,2015,Strategy,Focus Home Interactive,0.0,0.01,0.0,0.0,0.01,71.0,7.1
TrackMania Turbo,PC,2016,Action,Ubisoft,0.0,0.01,0.0,0.0,0.01,79.0,6.8
Super Dungeon Bros,PS4,2016,Action,Nordic Games,0.01,0.0,0.0,0.0,0.01,42.0,2.3
Sherlock Holmes: The Devil's Daughter,PS4,2016,Adventure,Bigben Interactive,0.01,0.0,0.0,0.0,0.01,70.0,6.8
Root Letter,PS4,2016,Adventure,PQube,0.0,0.0,0.01,0.0,0.01,69.0,7.5
Ride 2,PC,2016,Racing,Milestone S.r.l,0.0,0.01,0.0,0.0,0.01,78.0,7.9
Art Academy: Home Studio,WiiU,2015,Misc,Nintendo,0.0,0.0,0.01,0.0,0.01,82.0,8.3
Dungeons 2,PS4,2016,Role-Playing,Kalypso Media,0.01,0.0,0.0,0.0,0.01,61.0,7.9
Carmageddon: Max Damage,PS4,2016,Action,Stainless Games,0.01,0.0,0.0,0.0,0.01,51.0,5.5
Saints Row: Gat out of Hell,XOne,2015,Action,Deep Silver,0.0,0.01,0.0,0.0,0.01,65.0,6.0
Sbastien Loeb Rally Evo,XOne,2016,Racing,Milestone S.r.l,0.0,0.01,0.0,0.0,0.01,63.0,8.2
Fast Racing Neo ,WiiU,2016,Action,Nintendo,0.0,0.01,0.0,0.0,0.01,81.0,8.5
Prison Architect,XOne,2016,Action,Introversion Software,0.01,0.0,0.0,0.0,0.01,74.0,6.7
Metal Gear Solid V: Ground Zeroes,PC,2014,Action,Konami Digital Entertainment,0.0,0.01,0.0,0.0,0.01,80.0,7.6
